ID,구분,단지/커뮤니티명,입주_공급시기,규모_세대수,우선순위,접촉상태,주요타겟제품,커뮤니티_URL,타겟대상
MKT-001,웨딩,구미맘/웨딩 혼수,상시,165554,100,미접촉,"얼음정수기, 매트리스, 안마의자",https://cafe.naver.com/gumimom7,예비부부 / 신혼부부
MKT-002,신축입주,힐스테이트 메디알레 입예협,상시,2361372,98,미접촉,"정수기, 공기청정기, 비데, 파우셋",https://cafe.naver.com/jaegebal,신축 입주 예정자
MKT-003,신축입주,더샵 송도 그란테르(G5) 입예협,상시,91258,98,미접촉,"정수기, 공기청정기, 비데, 파우셋",https://cafe.naver.com/allthatsongdo,신축 입주 예정자
MKT-004,신축입주,안양자이 헤리티온 입예협,상시,298662,98,미접촉,"정수기, 공기청정기, 비데, 파우셋",https://cafe.naver.com/anyangtalk,신축 입주 예정자
MKT-005,신축입주,충주/청주 아파트 옵션계약 입예협,상시,131731,98,미접촉,"정수기, 공기청정기, 비데, 파우셋",https://cafe.naver.com/cjcjmom,신축 입주 예정자
MKT-006,웨딩,다이렉트결혼준비 북,상시,109664,95,미접촉,"얼음정수기, 매트리스, 안마의자",https://cafe.naver.com/b00k2012,예비부부 / 신혼부부
MKT-007,웨딩,멕마웨(마이메이크웨딩),상시,237668,95,미접촉,"얼음정수기, 매트리스, 안마의자",https://cafe.naver.com/makemywedding,예비부부 / 신혼부부
MKT-008,웨딩,결혼준비 순서 흐름,상시,150652,95,미접촉,"얼음정수기, 매트리스, 안마의자",https://cafe.naver.com/poohstory,예비부부 / 신혼부부
MKT-009,웨딩,마산맘 혼수체크,상시,428563,95,미접촉,"얼음정수기, 매트리스, 안마의자",https://cafe.naver.com/masanmam,예비부부 / 신혼부부
MKT-010,웨딩,예신모임 아이로이드,상시,833907,95,미접촉,"얼음정수기, 매트리스, 안마의자",https://cafe.naver.com/iroid,예비부부 / 신혼부부
MKT-011,웨딩,웨딩 예신다이어트 무브,상시,503471,95,미접촉,"얼음정수기, 매트리스, 안마의자",https://cafe.naver.com/move79,예비부부 / 신혼부부
MKT-012,웨딩,페코 예신관리,상시,2291941,95,미접촉,"얼음정수기, 매트리스, 안마의자",https://cafe.naver.com/feko,예비부부 / 신혼부부
MKT-013,웨딩,갓피플웨딩,상시,19332,95,미접촉,"얼음정수기, 매트리스, 안마의자",https://cafe.naver.com/godpeoplewed,예비부부 / 신혼부부
MKT-037,1인가구,선바 1인가구 자취,상시,60446,75,미접촉,"소형 정수기, 공기청정기",https://cafe.naver.com/sunbaaa,1인 가구 / 자취생
MKT-039,1인가구,kig 자취방,상시,3078757,75,미접촉,"소형 정수기, 공기청정기",https://cafe.naver.com/kig,1인 가구 / 자취생
MKT-041,1인가구,레몬테라스 원룸/오피스텔,상시,3012873,75,미접촉,"소형 정수기, 공기청정기",https://cafe.naver.com/remonterrace,1인 가구 / 자취생
MKT-050,자영업,일본창업/매장운영,상시,2330427,70,미접촉,"대용량 정수기, 비데, 공기청정기",https://cafe.naver.com/jpnstory,소상공인 / 매장 운영
MKT-052,자영업,아프니까 사장이다 소상공인,상시,109586,70,미접촉,"대용량 정수기, 비데, 공기청정기",https://cafe.naver.com/tsoul7,소상공인 / 카페·식당
MKT-056,자영업,바맨 카페창업인테리어,상시,254787,70,미접촉,"대용량 정수기, 제빙기, 공청기",https://cafe.naver.com/barman,카페 창업자
MKT-071,2026신축입주,두산위브더제니스 오션시티,2026.01,2033세대,99,미접촉,"얼음정수기, 비데, 공기청정기, 식세기",https://search.naver.com/search.naver?query=두산위브더제니스 오션시티 입주예정자협의회,신축 입주 예정자 (부산광역시 남구 우암동 129번지 일원)
MKT-072,2026신축입주,울산다운2지구 B-2BL 우미린(사전청약),2026.01,1293세대,99,미접촉,"얼음정수기, 비데, 공기청정기, 식세기",https://search.naver.com/search.naver?query=울산다운2지구 B-2BL 우미린(사전청약) 입주예정자협의회,신축 입주 예정자 (울산광역시 울주군 범서읍 서사리 305일원(울산다운2지구 B-2BL))
MKT-073,2026신축입주,더샵 청주그리니티,2026.01,1191세대,99,미접촉,"얼음정수기, 비데, 공기청정기, 식세기",https://search.naver.com/search.naver?query=더샵 청주그리니티 입주예정자협의회,신축 입주 예정자 (충청북도 청주시 서원구 개신동 산104-6번지 일원)
MKT-074,2026신축입주,e편한세상 명덕역 퍼스트마크,2026.01,1112세대,99,미접촉,"얼음정수기, 비데, 공기청정기, 식세기",https://search.naver.com/search.naver?query=e편한세상 명덕역 퍼스트마크 입주예정자협의회,신축 입주 예정자 (대구광역시 남구 대명동 2017-2번지 일원)
MKT-075,2026신축입주,위파크 마륵공원,2026.01,917세대,99,미접촉,"얼음정수기, 비데, 공기청정기, 식세기",https://search.naver.com/search.naver?query=위파크 마륵공원 입주예정자협의회,신축 입주 예정자 (광주광역시 서구 금호동 산109번지 일원)
MKT-076,2026신축입주,아야진 라메르 데시앙,2026.01,811세대,99,미접촉,"얼음정수기, 비데, 공기청정기, 식세기",https://search.naver.com/search.naver?query=아야진 라메르 데시앙 입주예정자협의회,신축 입주 예정자 (강원도 고성군 토성면 아야진리 산21번지 외 44필지)
MKT-077,2026신축입주,청주 동일하이빌 파크레인,2026.01,800세대,99,미접촉,"얼음정수기, 비데, 공기청정기, 식세기",https://search.naver.com/search.naver?query=청주 동일하이빌 파크레인 입주예정자협의회,신축 입주 예정자 (충청북도 청주시 서원구 개신동 70-10번지 일원(청주개신2지구 도시개발사업A2블럭))
MKT-078,2026신축입주,인천 두산위브 더센트럴,2026.01,785세대,99,미접촉,"얼음정수기, 비데, 공기청정기, 식세기",https://search.naver.com/search.naver?query=인천 두산위브 더센트럴 입주예정자협의회,신축 입주 예정자 (인천광역시 동구 송림동 42-215)
MKT-079,2026신축입주,가야역 롯데캐슬 스카이엘,2026.01,725세대,99,미접촉,"얼음정수기, 비데, 공기청정기, 식세기",https://search.naver.com/search.naver?query=가야역 롯데캐슬 스카이엘 입주예정자협의회,신축 입주 예정자 (부산광역시 부산진구 가야동 3-11번지 일원)
MKT-080,2026신축입주,어나드 범어,2026.01,604세대,99,미접촉,"얼음정수기, 비데, 공기청정기, 식세기",https://search.naver.com/search.naver?query=어나드 범어 입주예정자협의회,신축 입주 예정자 (대구광역시 수성구 범어동 1)
MKT-081,2026신축입주,수원성 중흥S-클래스,2026.01,593세대,99,미접촉,"얼음정수기, 비데, 공기청정기, 식세기",https://search.naver.com/search.naver?query=수원성 중흥S-클래스 입주예정자협의회,신축 입주 예정자 (경기도 수원시 팔달구 지동 349-1번지 일원)
MKT-082,2026신축입주,양주 회천지구 A-12BL 라온프라이빗(사전청약),2026.01,568세대,99,미접촉,"얼음정수기, 비데, 공기청정기, 식세기",https://search.naver.com/search.naver?query=양주 회천지구 A-12BL 라온프라이빗(사전청약) 입주예정자협의회,신축 입주 예정자 (경기도 양주시 양주회천지구 A12BL)
MKT-083,2026신축입주,철산자이 브리에르,2026.01,393세대,90,미접촉,"얼음정수기, 비데, 공기청정기, 식세기",https://search.naver.com/search.naver?query=철산자이 브리에르 입주예정자협의회,신축 입주 예정자 (경기도 광명시 철산동 105번지 일원)
MKT-084,2026신축입주,김해 삼계 동일스위트,2026.01,299세대,90,미접촉,"얼음정수기, 비데, 공기청정기, 식세기",https://search.naver.com/search.naver?query=김해 삼계 동일스위트 입주예정자협의회,신축 입주 예정자 (경상남도 김해시 삼계동 397-1번지 일원)
MKT-085,2026신축입주,아산 벨코어 스위첸,2026.01,299세대,90,미접촉,"얼음정수기, 비데, 공기청정기, 식세기",https://search.naver.com/search.naver?query=아산 벨코어 스위첸 입주예정자협의회,신축 입주 예정자 (충청남도 아산시 모종동 555-1외)
MKT-086,2026신축입주,양양 금호어울림 더퍼스트,2026.01,279세대,90,미접촉,"얼음정수기, 비데, 공기청정기, 식세기",https://search.naver.com/search.naver?query=양양 금호어울림 더퍼스트 입주예정자협의회,신축 입주 예정자 (강원도 양양군 양양읍 구교리 57번지 외 14필지)
MKT-087,2026신축입주,이천 빌리브 어바인시티 2BL,2026.01,264세대,90,미접촉,"얼음정수기, 비데, 공기청정기, 식세기",https://search.naver.com/search.naver?query=이천 빌리브 어바인시티 2BL 입주예정자협의회,신축 입주 예정자 (경기도 이천시 안흥동 272-6번지 일원)
MKT-088,2026신축입주,이천 빌리브 어바인시티 1BL,2026.01,264세대,90,미접촉,"얼음정수기, 비데, 공기청정기, 식세기",https://search.naver.com/search.naver?query=이천 빌리브 어바인시티 1BL 입주예정자협의회,신축 입주 예정자 (경기도 이천시 안흥동 270번지 일원)
MKT-089,2026신축입주,e편한세상 강동 프레스티지원,2026.01,263세대,90,미접촉,"얼음정수기, 비데, 공기청정기, 식세기",https://search.naver.com/search.naver?query=e편한세상 강동 프레스티지원 입주예정자협의회,신축 입주 예정자 (서울특별시 강동구 천호동 423-76번지 일대)
MKT-090,2026신축입주,잠실 르엘,2026.01,216세대,90,미접촉,"얼음정수기, 비데, 공기청정기, 식세기",https://search.naver.com/search.naver?query=잠실 르엘 입주예정자협의회,신축 입주 예정자 (서울특별시 송파구 신천동 17-6번지 일대)
MKT-091,2026신축입주,마석역 극동스타클래스 더퍼스트,2026.01,138세대,90,미접촉,"얼음정수기, 비데, 공기청정기, 식세기",https://search.naver.com/search.naver?query=마석역 극동스타클래스 더퍼스트 입주예정자협의회,신축 입주 예정자 (경기도 남양주시 화도읍 마석우리 251외 1필지)
MKT-092,2026신축입주,광명 소하 신원아침도시2,2026.01,82세대,90,미접촉,"얼음정수기, 비데, 공기청정기, 식세기",https://search.naver.com/search.naver?query=광명 소하 신원아침도시2 입주예정자협의회,신축 입주 예정자 (경기도 광명시 소하동 883-18번지 일원)
MKT-093,2026신축입주,벨루미체 첨단,2026.01,57세대,90,미접촉,"얼음정수기, 비데, 공기청정기, 식세기",https://search.naver.com/search.naver?query=벨루미체 첨단 입주예정자협의회,신축 입주 예정자 (광주광역시 광산구 쌍암동 694-77 외 3필지)
MKT-094,2026신축입주,남양주 별내리슈빌아파트 분양전환 후 잔여세대,2026.01,34세대,90,미접촉,"얼음정수기, 비데, 공기청정기, 식세기",https://search.naver.com/search.naver?query=남양주 별내리슈빌아파트 분양전환 후 잔여세대 입주예정자협의회,"신축 입주 예정자 (경기도 남양주시 별내5로 119, 별내리슈빌 아파트)"
MKT-095,2026신축입주,둔산 자이 아이파크(보류지),2026.01,18세대,90,미접촉,"얼음정수기, 비데, 공기청정기, 식세기",https://search.naver.com/search.naver?query=둔산 자이 아이파크(보류지) 입주예정자협의회,신축 입주 예정자 (대전광역시 서구 탄방동 514-360번지 일원)
MKT-096,2026신축입주,강릉역 경남아너스빌 더 센트로(조합원 취소분),2026.01,16세대,90,미접촉,"얼음정수기, 비데, 공기청정기, 식세기",https://search.naver.com/search.naver?query=강릉역 경남아너스빌 더 센트로(조합원 취소분) 입주예정자협의회,신축 입주 예정자 (강원특별자치도 강릉시 명륜로 85번지)
MKT-097,2026신축입주,둔산 자이 아이파크,2026.01,12세대,90,미접촉,"얼음정수기, 비데, 공기청정기, 식세기",https://search.naver.com/search.naver?query=둔산 자이 아이파크 입주예정자협의회,신축 입주 예정자 (대전광역시 서구 탄방동 514-360번지 일원)
MKT-098,2026신축입주,두류센트레빌 더 파크(조합원 취소분)(2회차),2026.01,1세대,90,미접촉,"얼음정수기, 비데, 공기청정기, 식세기",https://search.naver.com/search.naver?query=두류센트레빌 더 파크(조합원 취소분)(2회차) 입주예정자협의회,신축 입주 예정자 (대구광역시 달서구 두류동 638-19번지 일원)
MKT-099,2026신축입주,더샵 신문그리니티,2026.02,1146세대,99,미접촉,"얼음정수기, 비데, 공기청정기, 식세기",https://search.naver.com/search.naver?query=더샵 신문그리니티 입주예정자협의회,신축 입주 예정자 (경상남도 김해시 신문동 신문1지구 A7-1블럭 일원)
MKT-100,2026신축입주,동탄신도시 금강펜테리움 6차 센트럴파크(A59블럭),2026.02,1103세대,99,미접촉,"얼음정수기, 비데, 공기청정기, 식세기",https://search.naver.com/search.naver?query=동탄신도시 금강펜테리움 6차 센트럴파크(A59블럭) 입주예정자협의회,신축 입주 예정자 (경기도 화성시 신동 동탄2택지개발지구 A-59블럭)
MKT-101,2026신축입주,파주운정3지구 A23블록 공공분양주택,2026.02,1012세대,99,미접촉,"얼음정수기, 비데, 공기청정기, 식세기",https://search.naver.com/search.naver?query=파주운정3지구 A23블록 공공분양주택 입주예정자협의회,신축 입주 예정자 (경기도 파주시 동패동 파주운정3 택지개발지구 내 A23BL)
MKT-102,2026신축입주,창원 롯데캐슬 포레스트 2BL,2026.02,998세대,99,미접촉,"얼음정수기, 비데, 공기청정기, 식세기",https://search.naver.com/search.naver?query=창원 롯데캐슬 포레스트 2BL 입주예정자협의회,신축 입주 예정자 (경상남도 창원시 의창구 사화동 147번지 외 43필지)
MKT-103,2026신축입주,힐스테이트 대명 센트럴 2차,2026.02,977세대,99,미접촉,"얼음정수기, 비데, 공기청정기, 식세기",https://search.naver.com/search.naver?query=힐스테이트 대명 센트럴 2차 입주예정자협의회,신축 입주 예정자 (대구광역시 남구 대명동 202-1번지 일원)
MKT-104,2026신축입주,포레나 대전학하 1단지,2026.02,872세대,99,미접촉,"얼음정수기, 비데, 공기청정기, 식세기",https://search.naver.com/search.naver?query=포레나 대전학하 1단지 입주예정자협의회,신축 입주 예정자 (대전광역시 유성구 학하동 676-1번지 일원)
MKT-105,2026신축입주,이천중리B2-BL 우미린 트리쉐이드,2026.02,849세대,99,미접촉,"얼음정수기, 비데, 공기청정기, 식세기",https://search.naver.com/search.naver?query=이천중리B2-BL 우미린 트리쉐이드 입주예정자협의회,신축 입주 예정자 (경기도 이천시 이천중리 택지개발지구내 B2블럭)
MKT-106,2026신축입주,아산자이 그랜드파크 2단지,2026.02,849세대,99,미접촉,"얼음정수기, 비데, 공기청정기, 식세기",https://search.naver.com/search.naver?query=아산자이 그랜드파크 2단지 입주예정자협의회,신축 입주 예정자 (충청남도 아산시 용화동 133-2번지 일원)
MKT-107,2026신축입주,힐스테이트 자이 아산센텀,2026.02,787세대,99,미접촉,"얼음정수기, 비데, 공기청정기, 식세기",https://search.naver.com/search.naver?query=힐스테이트 자이 아산센텀 입주예정자협의회,신축 입주 예정자 (충남 아산시 배방읍 세교리 1600 (아산탕정 택지개발지구 2-A11BL))
MKT-108,2026신축입주,아산자이 그랜드파크 1단지,2026.02,739세대,99,미접촉,"얼음정수기, 비데, 공기청정기, 식세기",https://search.naver.com/search.naver?query=아산자이 그랜드파크 1단지 입주예정자협의회,신축 입주 예정자 (충청남도 아산시 용화동 137-1번지 일원)
MKT-109,2026신축입주,화성태안3지구 B-3블록 공공분양주택(본청약),2026.02,688세대,99,미접촉,"얼음정수기, 비데, 공기청정기, 식세기",https://search.naver.com/search.naver?query=화성태안3지구 B-3블록 공공분양주택(본청약) 입주예정자협의회,"신축 입주 예정자 (경기도 화성시 송산동, 안녕동 일원 화성태안3 택지개발사업지구 내 B-3블록)"
MKT-110,2026신축입주,힐스테이트 칠성 더오페라,2026.02,577세대,99,미접촉,"얼음정수기, 비데, 공기청정기, 식세기",https://search.naver.com/search.naver?query=힐스테이트 칠성 더오페라 입주예정자협의회,신축 입주 예정자 (대구광역시 북구 칠성동2가 321번지 일원)
MKT-111,2026신축입주,천안 일봉공원 호반써밋 센트럴파크(1BL),2026.02,453세대,90,미접촉,"얼음정수기, 비데, 공기청정기, 식세기",https://search.naver.com/search.naver?query=천안 일봉공원 호반써밋 센트럴파크(1BL) 입주예정자협의회,신축 입주 예정자 (충청남도 천안시 동남구 용곡동 462-77번지 일원)
MKT-112,2026신축입주,범어자이,2026.02,399세대,90,미접촉,"얼음정수기, 비데, 공기청정기, 식세기",https://search.naver.com/search.naver?query=범어자이 입주예정자협의회,신축 입주 예정자 (대구광역시 수성구 범어동 48-26번지 일원)
MKT-113,2026신축입주,퀸즈이즈카운티,2026.02,268세대,90,미접촉,"얼음정수기, 비데, 공기청정기, 식세기",https://search.naver.com/search.naver?query=퀸즈이즈카운티 입주예정자협의회,신축 입주 예정자 (부산광역시 동구 범일동 828-9번지)
MKT-114,2026신축입주,오목천역 더리브,2026.02,201세대,90,미접촉,"얼음정수기, 비데, 공기청정기, 식세기",https://search.naver.com/search.naver?query=오목천역 더리브 입주예정자협의회,신축 입주 예정자 (경기도 수원시 권선구 오목천동 319-1)
MKT-115,2026신축입주,백년문화공원 극동스타클래스,2026.02,166세대,90,미접촉,"얼음정수기, 비데, 공기청정기, 식세기",https://search.naver.com/search.naver?query=백년문화공원 극동스타클래스 입주예정자협의회,신축 입주 예정자 (경상남도 진주시 주약동 183-1번지 외 4필지)
MKT-116,2026신축입주,대전 에테르 스위첸,2026.02,138세대,90,미접촉,"얼음정수기, 비데, 공기청정기, 식세기",https://search.naver.com/search.naver?query=대전 에테르 스위첸 입주예정자협의회,신축 입주 예정자 (대전광역시 서구 용문동 594-6번지 외 7필지)
MKT-117,2026신축입주,광산센트럴파크,2026.02,117세대,90,미접촉,"얼음정수기, 비데, 공기청정기, 식세기",https://search.naver.com/search.naver?query=광산센트럴파크 입주예정자협의회,신축 입주 예정자 (광주광역시 광산구 하산동 254-1번지 일원)
MKT-118,2026신축입주,외도 성원상떼빌,2026.02,83세대,90,미접촉,"얼음정수기, 비데, 공기청정기, 식세기",https://search.naver.com/search.naver?query=외도 성원상떼빌 입주예정자협의회,신축 입주 예정자 (제주특별자치도 제주시 외도일동 499-3일원)
MKT-119,2026신축입주,역곡역 아테움 스위첸,2026.02,50세대,90,미접촉,"얼음정수기, 비데, 공기청정기, 식세기",https://search.naver.com/search.naver?query=역곡역 아테움 스위첸 입주예정자협의회,신축 입주 예정자 (경기도 부천시 괴안동 91-1번지 외 1필지)
MKT-120,2026신축입주,광명 소하 신원아침도시1,2026.02,33세대,90,미접촉,"얼음정수기, 비데, 공기청정기, 식세기",https://search.naver.com/search.naver?query=광명 소하 신원아침도시1 입주예정자협의회,신축 입주 예정자 (경기도 광명시 소하동 893-3번지 일원)
MKT-121,2026신축입주,힐스테이트 평택 화양,2026.03,1571세대,99,미접촉,"얼음정수기, 비데, 공기청정기, 식세기",https://search.naver.com/search.naver?query=힐스테이트 평택 화양 입주예정자협의회,신축 입주 예정자 (경기도 평택시 현덕면 평택 화양지구 도시개발사업 5BL)
MKT-122,2026신축입주,지제역 반도체밸리 제일풍경채 2블록,2026.03,1152세대,99,미접촉,"얼음정수기, 비데, 공기청정기, 식세기",https://search.naver.com/search.naver?query=지제역 반도체밸리 제일풍경채 2블록 입주예정자협의회,신축 입주 예정자 (경기도 평택시 가재지구 도시개발사업 공동 2BL)
MKT-123,2026신축입주,에코델타시티 대성베르힐 17BL,2026.03,1120세대,99,미접촉,"얼음정수기, 비데, 공기청정기, 식세기",https://search.naver.com/search.naver?query=에코델타시티 대성베르힐 17BL 입주예정자협의회,신축 입주 예정자 (부산광역시 강서구 강동동 에코델타시티 17BL)
MKT-124,2026신축입주,힐스테이트 모종 블랑루체,2026.03,1060세대,99,미접촉,"얼음정수기, 비데, 공기청정기, 식세기",https://search.naver.com/search.naver?query=힐스테이트 모종 블랑루체 입주예정자협의회,신축 입주 예정자 (충청남도 아산시 모종동 아산모종2지구 B1블럭)
MKT-125,2026신축입주,달서 푸르지오 시그니처,2026.03,993세대,99,미접촉,"얼음정수기, 비데, 공기청정기, 식세기",https://search.naver.com/search.naver?query=달서 푸르지오 시그니처 입주예정자협의회,신축 입주 예정자 (대구광역시 달서구 본리동 358-5)
MKT-126,2026신축입주,운정자이 시그니처,2026.03,988세대,99,미접촉,"얼음정수기, 비데, 공기청정기, 식세기",https://search.naver.com/search.naver?query=운정자이 시그니처 입주예정자협의회,신축 입주 예정자 (경기도 파주시 운정3지구 A19블록(경기도 파주시 목동동 산26번지 일원))
MKT-127,2026신축입주,두산위브더제니스 센트럴 원주,2026.03,952세대,99,미접촉,"얼음정수기, 비데, 공기청정기, 식세기",https://search.naver.com/search.naver?query=두산위브더제니스 센트럴 원주 입주예정자협의회,신축 입주 예정자 (강원도 원주시 원동 129-1번지 일원)
MKT-128,2026신축입주,구리역 롯데캐슬 시그니처,2026.03,679세대,99,미접촉,"얼음정수기, 비데, 공기청정기, 식세기",https://search.naver.com/search.naver?query=구리역 롯데캐슬 시그니처 입주예정자협의회,신축 입주 예정자 (경기도 구리시 인창동 289-29번지 일원)
MKT-129,2026신축입주,e편한세상 삼천포 오션프라임,2026.03,677세대,99,미접촉,"얼음정수기, 비데, 공기청정기, 식세기",https://search.naver.com/search.naver?query=e편한세상 삼천포 오션프라임 입주예정자협의회,신축 입주 예정자 (경상남도 사천시 동금동 151-1번지 일원)
MKT-130,2026신축입주,해링턴 플레이스 진사(2BL),2026.03,637세대,99,미접촉,"얼음정수기, 비데, 공기청정기, 식세기",https://search.naver.com/search.naver?query=해링턴 플레이스 진사(2BL) 입주예정자협의회,신축 입주 예정자 (경기도 안성시 공도읍 진사리 33번지 일원)
MKT-131,2026신축입주,군산 한라비발디 더프라임,2026.03,633세대,99,미접촉,"얼음정수기, 비데, 공기청정기, 식세기",https://search.naver.com/search.naver?query=군산 한라비발디 더프라임 입주예정자협의회,신축 입주 예정자 (전라북도 군산시 지곡동 126번지 일원)
MKT-132,2026신축입주,인천 검단신도시 AB19블럭 호반써밋(본청약),2026.03,555세대,99,미접촉,"얼음정수기, 비데, 공기청정기, 식세기",https://search.naver.com/search.naver?query=인천 검단신도시 AB19블럭 호반써밋(본청약) 입주예정자협의회,신축 입주 예정자 (인천광역시 서구 불로동 547-10)
MKT-133,2026신축입주,제일풍경채 의왕고천(본청약),2026.03,466세대,90,미접촉,"얼음정수기, 비데, 공기청정기, 식세기",https://search.naver.com/search.naver?query=제일풍경채 의왕고천(본청약) 입주예정자협의회,신축 입주 예정자 (경기도 의왕시 고천공공주택지구 B-2BL)
MKT-134,2026신축입주,해링턴 플레이스 진사(1BL),2026.03,355세대,90,미접촉,"얼음정수기, 비데, 공기청정기, 식세기",https://search.naver.com/search.naver?query=해링턴 플레이스 진사(1BL) 입주예정자협의회,신축 입주 예정자 (경기도 안성시 공도읍 진사리 29-13번지 일원)
MKT-135,2026신축입주,거제 유림노르웨이숲 디오션,2026.03,299세대,90,미접촉,"얼음정수기, 비데, 공기청정기, 식세기",https://search.naver.com/search.naver?query=거제 유림노르웨이숲 디오션 입주예정자협의회,신축 입주 예정자 (경상남도 거제시 장승포동 499번지 일원)
MKT-136,2026신축입주,영등포자이 디그니티,2026.03,185세대,90,미접촉,"얼음정수기, 비데, 공기청정기, 식세기",https://search.naver.com/search.naver?query=영등포자이 디그니티 입주예정자협의회,신축 입주 예정자 (서울특별시 영등포구 양평동1가 265-1일대)
MKT-137,2026신축입주,도봉 금호어울림 리버파크,2026.03,130세대,90,미접촉,"얼음정수기, 비데, 공기청정기, 식세기",https://search.naver.com/search.naver?query=도봉 금호어울림 리버파크 입주예정자협의회,신축 입주 예정자 (서울특별시 도봉구 도봉2동 95번지)
MKT-138,2026신축입주,가양동 다우갤러리 휴리움,2026.03,63세대,90,미접촉,"얼음정수기, 비데, 공기청정기, 식세기",https://search.naver.com/search.naver?query=가양동 다우갤러리 휴리움 입주예정자협의회,신축 입주 예정자 (대전광역시 동구 가양동 53-6번지 일원)
MKT-139,2026신축입주,리첸시아 표선 IB EDU,2026.03,50세대,90,미접촉,"얼음정수기, 비데, 공기청정기, 식세기",https://search.naver.com/search.naver?query=리첸시아 표선 IB EDU 입주예정자협의회,신축 입주 예정자 (제주특별자치도 서귀포시 표선면 표선리 2957(구 주소 : 536-1외 ))
MKT-140,2026신축입주,울산 우정혁신도시 B1블록(골드클래스) 분양전환 후 잔여세대,2026.03,34세대,90,미접촉,"얼음정수기, 비데, 공기청정기, 식세기",https://search.naver.com/search.naver?query=울산 우정혁신도시 B1블록(골드클래스) 분양전환 후 잔여세대 입주예정자협의회,"신축 입주 예정자 (울산광역시 중구 종가로 760 (장현동, 골드클래스))"
MKT-141,2026신축입주,우방아이유쉘 중부센트럴,2026.03,34세대,90,미접촉,"얼음정수기, 비데, 공기청정기, 식세기",https://search.naver.com/search.naver?query=우방아이유쉘 중부센트럴 입주예정자협의회,신축 입주 예정자 (경상남도 양산시 중부동 160번지 일원)
MKT-142,2026신축입주,힐스테이트 지석(조합원취소분),2026.03,9세대,90,미접촉,"얼음정수기, 비데, 공기청정기, 식세기",https://search.naver.com/search.naver?query=힐스테이트 지석(조합원취소분) 입주예정자협의회,신축 입주 예정자 (광주광역시 남구 지석동 506번지 일원)
MKT-143,2026신축입주,광주 더파크 비스타 데시앙,2026.04,1690세대,99,미접촉,"얼음정수기, 비데, 공기청정기, 식세기",https://search.naver.com/search.naver?query=광주 더파크 비스타 데시앙 입주예정자협의회,신축 입주 예정자 (경기도 광주시 역동 산 1-39외 17필지)
MKT-144,2026신축입주,대명자이 그랜드시티,2026.04,1501세대,99,미접촉,"얼음정수기, 비데, 공기청정기, 식세기",https://search.naver.com/search.naver?query=대명자이 그랜드시티 입주예정자협의회,신축 입주 예정자 (대구광역시 남구 대명3동 2301-2번지 일원)
MKT-145,2026신축입주,오산세교2지구 A-3블록 파라곤,2026.04,1068세대,99,미접촉,"얼음정수기, 비데, 공기청정기, 식세기",https://search.naver.com/search.naver?query=오산세교2지구 A-3블록 파라곤 입주예정자협의회,신축 입주 예정자 (경기도 오산시 궐동 오산세교2지구 A3 블록)
MKT-146,2026신축입주,청주 동일하이빌 파크레인 2단지,2026.04,800세대,99,미접촉,"얼음정수기, 비데, 공기청정기, 식세기",https://search.naver.com/search.naver?query=청주 동일하이빌 파크레인 2단지 입주예정자협의회,신축 입주 예정자 (충청북도 청주시 서원구 개신동 89-1번지 일원)
MKT-147,2026신축입주,힐스테이트 회룡역파크뷰,2026.04,674세대,99,미접촉,"얼음정수기, 비데, 공기청정기, 식세기",https://search.naver.com/search.naver?query=힐스테이트 회룡역파크뷰 입주예정자협의회,신축 입주 예정자 (경기도 의정부시 호원동 281-21번지)
MKT-148,2026신축입주,운암자이포레나 퍼스티체 2단지,2026.04,561세대,99,미접촉,"얼음정수기, 비데, 공기청정기, 식세기",https://search.naver.com/search.naver?query=운암자이포레나 퍼스티체 2단지 입주예정자협의회,신축 입주 예정자 (광주광역시 북구 운암동 252번지 일원)
MKT-149,2026신축입주,영종 오션파크 모아엘가 그랑데,2026.04,560세대,99,미접촉,"얼음정수기, 비데, 공기청정기, 식세기",https://search.naver.com/search.naver?query=영종 오션파크 모아엘가 그랑데 입주예정자협의회,신축 입주 예정자 (인천광역시 중구 운남동 1710-1 (영종국제도시 A61블럭))
MKT-150,2026신축입주,벤처밸리 푸르지오,2026.04,540세대,99,미접촉,"얼음정수기, 비데, 공기청정기, 식세기",https://search.naver.com/search.naver?query=벤처밸리 푸르지오 입주예정자협의회,신축 입주 예정자 (대구광역시 동구 신천동 311-4번지 일원)
MKT-151,2026신축입주,힐스테이트 동대구 센트럴,2026.04,481세대,90,미접촉,"얼음정수기, 비데, 공기청정기, 식세기",https://search.naver.com/search.naver?query=힐스테이트 동대구 센트럴 입주예정자협의회,신축 입주 예정자 (대구광역시 동구 신천동 137-1번지 일원)
MKT-152,2026신축입주,검단신도시 롯데캐슬 넥스티엘,2026.04,372세대,90,미접촉,"얼음정수기, 비데, 공기청정기, 식세기",https://search.naver.com/search.naver?query=검단신도시 롯데캐슬 넥스티엘 입주예정자협의회,신축 입주 예정자 (인천광역시 서구 원당동 1061-1 / 검단신도시 RC1 블록)
MKT-153,2026신축입주,고양장항지구 A-2블록 신혼희망타운(공공분양),2026.04,371세대,90,미접촉,"얼음정수기, 비데, 공기청정기, 식세기",https://search.naver.com/search.naver?query=고양장항지구 A-2블록 신혼희망타운(공공분양) 입주예정자협의회,신축 입주 예정자 (경기도 고양시 일산동구 멱절길 346-106 (장항동))
MKT-154,2026신축입주,운암자이포레나 퍼스티체 1단지,2026.04,354세대,90,미접촉,"얼음정수기, 비데, 공기청정기, 식세기",https://search.naver.com/search.naver?query=운암자이포레나 퍼스티체 1단지 입주예정자협의회,신축 입주 예정자 (광주광역시 북구 운암동 252번지 일원)
MKT-155,2026신축입주,운암자이포레나 퍼스티체 3단지,2026.04,277세대,90,미접촉,"얼음정수기, 비데, 공기청정기, 식세기",https://search.naver.com/search.naver?query=운암자이포레나 퍼스티체 3단지 입주예정자협의회,신축 입주 예정자 (광주광역시 북구 운암동 252번지 일원)
MKT-156,2026신축입주,오션포레베네스트하우스(미단시티 공동8BL),2026.04,253세대,90,미접촉,"얼음정수기, 비데, 공기청정기, 식세기",https://search.naver.com/search.naver?query=오션포레베네스트하우스(미단시티 공동8BL) 입주예정자협의회,신축 입주 예정자 (인천광역시 중구 자연대로 667(오션포레베네스트하우스))
MKT-157,2026신축입주,포레나 인천학익,2026.04,250세대,90,미접촉,"얼음정수기, 비데, 공기청정기, 식세기",https://search.naver.com/search.naver?query=포레나 인천학익 입주예정자협의회,신축 입주 예정자 (인천광역시 미추홀구 학익2동 290-1)
MKT-158,2026신축입주,대구역 센트레빌 더 오페라,2026.04,245세대,90,미접촉,"얼음정수기, 비데, 공기청정기, 식세기",https://search.naver.com/search.naver?query=대구역 센트레빌 더 오페라 입주예정자협의회,신축 입주 예정자 (대구광역시 북구 칠성동2가 302-141번지 일원)
MKT-159,2026신축입주,청량리 롯데캐슬 하이루체,2026.04,173세대,90,미접촉,"얼음정수기, 비데, 공기청정기, 식세기",https://search.naver.com/search.naver?query=청량리 롯데캐슬 하이루체 입주예정자협의회,신축 입주 예정자 (서울특별시 동대문구 청량리동 199 일원)
MKT-160,2026신축입주,변동 동건아파트 우선분양전환 후 잔여세대,2026.04,139세대,90,미접촉,"얼음정수기, 비데, 공기청정기, 식세기",https://search.naver.com/search.naver?query=변동 동건아파트 우선분양전환 후 잔여세대 입주예정자협의회,"신축 입주 예정자 (대전광역시 서구 변동 59-6 (변동, 동건아파트))"
MKT-161,2026신축입주,연수 월드메르디앙 어반포레,2026.04,133세대,90,미접촉,"얼음정수기, 비데, 공기청정기, 식세기",https://search.naver.com/search.naver?query=연수 월드메르디앙 어반포레 입주예정자협의회,신축 입주 예정자 (인천광역시 연수구 동춘동 1152번지 일원)
MKT-162,2026신축입주,개봉 루브루,2026.04,114세대,90,미접촉,"얼음정수기, 비데, 공기청정기, 식세기",https://search.naver.com/search.naver?query=개봉 루브루 입주예정자협의회,"신축 입주 예정자 (서울특별시 구로구 개봉동 369-1, 312-38)"
MKT-163,2026신축입주,우정동 한양립스 더 센트럴,2026.04,99세대,90,미접촉,"얼음정수기, 비데, 공기청정기, 식세기",https://search.naver.com/search.naver?query=우정동 한양립스 더 센트럴 입주예정자협의회,신축 입주 예정자 (울산광역시 중구 우정동 272-60번지 외)
MKT-164,2026신축입주,어썸웨이브 용산,2026.04,90세대,90,미접촉,"얼음정수기, 비데, 공기청정기, 식세기",https://search.naver.com/search.naver?query=어썸웨이브 용산 입주예정자협의회,신축 입주 예정자 (충청북도 충주시 용산동 40번지 외 1필지)
MKT-165,2026신축입주,해링턴플레이스 노원 센트럴,2026.04,61세대,90,미접촉,"얼음정수기, 비데, 공기청정기, 식세기",https://search.naver.com/search.naver?query=해링턴플레이스 노원 센트럴 입주예정자협의회,신축 입주 예정자 (서울특별시 노원구 노원로 495 (상계동 690))
MKT-166,2026신축입주,전주·완주 혁신도시 에코르 2단지 공가세대 일반공급,2026.04,29세대,90,미접촉,"얼음정수기, 비데, 공기청정기, 식세기",https://search.naver.com/search.naver?query=전주·완주 혁신도시 에코르 2단지 공가세대 일반공급 입주예정자협의회,신축 입주 예정자 (전북특별자치도 완주군 이서면 지사제로 29 (혁신도시 에코르 2단지 아파트))
MKT-167,2026신축입주,학산 한신더휴 엘리트파크,2026.05,1455세대,99,미접촉,"얼음정수기, 비데, 공기청정기, 식세기",https://search.naver.com/search.naver?query=학산 한신더휴 엘리트파크 입주예정자협의회,신축 입주 예정자 (경상북도 포항시 북구 학산동 산53-15번지 외 33필지)
MKT-168,2026신축입주,포항자이 애서턴,2026.05,1433세대,99,미접촉,"얼음정수기, 비데, 공기청정기, 식세기",https://search.naver.com/search.naver?query=포항자이 애서턴 입주예정자협의회,신축 입주 예정자 (경상북도 포항시 북구 학잠동 93-4번지 일원)
MKT-169,2026신축입주,창원 롯데캐슬 포레스트 1BL,2026.05,967세대,99,미접촉,"얼음정수기, 비데, 공기청정기, 식세기",https://search.naver.com/search.naver?query=창원 롯데캐슬 포레스트 1BL 입주예정자협의회,신축 입주 예정자 (경상남도 창원시 의창구 사화동 162번지 외 32필지)
MKT-170,2026신축입주,힐스테이트 속초,2026.05,925세대,99,미접촉,"얼음정수기, 비데, 공기청정기, 식세기",https://search.naver.com/search.naver?query=힐스테이트 속초 입주예정자협의회,신축 입주 예정자 (강원특별자치도 속초시 금호동 622-40 일원)
MKT-171,2026신축입주,월명공원 한라비발디 온더파크,2026.05,874세대,99,미접촉,"얼음정수기, 비데, 공기청정기, 식세기",https://search.naver.com/search.naver?query=월명공원 한라비발디 온더파크 입주예정자협의회,신축 입주 예정자 (충청북도 청주시 흥덕구 봉명동 산26번지 일원)
MKT-172,2026신축입주,군산 경남아너스빌 디오션,2026.05,873세대,99,미접촉,"얼음정수기, 비데, 공기청정기, 식세기",https://search.naver.com/search.naver?query=군산 경남아너스빌 디오션 입주예정자협의회,신축 입주 예정자 (전라북도 군산시 조촌동 739-70일원)
MKT-173,2026신축입주,인천 검단신도시 AB13블록 호반써밋Ⅲ(사전청약),2026.05,815세대,99,미접촉,"얼음정수기, 비데, 공기청정기, 식세기",https://search.naver.com/search.naver?query=인천 검단신도시 AB13블록 호반써밋Ⅲ(사전청약) 입주예정자협의회,신축 입주 예정자 (인천광역시 서구 원당동 검단신도시 AB13블록)
MKT-174,2026신축입주,봉담 중흥S-클래스 센트럴에듀,2026.05,806세대,99,미접촉,"얼음정수기, 비데, 공기청정기, 식세기",https://search.naver.com/search.naver?query=봉담 중흥S-클래스 센트럴에듀 입주예정자협의회,신축 입주 예정자 (경기도 화성시 봉담읍 동화리 동화지구 2BL)
MKT-175,2026신축입주,인천검단신도시 디에트르 더 에듀(AA20BL),2026.05,781세대,99,미접촉,"얼음정수기, 비데, 공기청정기, 식세기",https://search.naver.com/search.naver?query=인천검단신도시 디에트르 더 에듀(AA20BL) 입주예정자협의회,신축 입주 예정자 (인천광역시 서구 불로동 검단신도시 AA20BL 공동주택용지)
MKT-176,2026신축입주,한화 포레나 대전월평공원 2단지,2026.05,690세대,99,미접촉,"얼음정수기, 비데, 공기청정기, 식세기",https://search.naver.com/search.naver?query=한화 포레나 대전월평공원 2단지 입주예정자협의회,신축 입주 예정자 (대전광역시 서구 도마동 산39-1번지 일원)
MKT-177,2026신축입주,한화 포레나 대전월평공원 1단지,2026.05,659세대,99,미접촉,"얼음정수기, 비데, 공기청정기, 식세기",https://search.naver.com/search.naver?query=한화 포레나 대전월평공원 1단지 입주예정자협의회,신축 입주 예정자 (대전광역시 서구 정림동 산23-21번지 일원)
MKT-178,2026신축입주,인천가정2지구 A-2블록 신혼희망타운 공공분양주택(본청약),2026.05,534세대,99,미접촉,"얼음정수기, 비데, 공기청정기, 식세기",https://search.naver.com/search.naver?query=인천가정2지구 A-2블록 신혼희망타운 공공분양주택(본청약) 입주예정자협의회,"신축 입주 예정자 (인천광역시 서구 가정동, 심곡동, 연희동, 청라동, 일원 인천가정2 공공주택지구내 A-2블록)"
MKT-179,2026신축입주,교대역 모아엘가 그랑데,2026.05,461세대,90,미접촉,"얼음정수기, 비데, 공기청정기, 식세기",https://search.naver.com/search.naver?query=교대역 모아엘가 그랑데 입주예정자협의회,신축 입주 예정자 (광주광역시 동구 계림동 125번지 일원)
MKT-180,2026신축입주,시화MTV 푸르지오 디오션,2026.05,400세대,90,미접촉,"얼음정수기, 비데, 공기청정기, 식세기",https://search.naver.com/search.naver?query=시화MTV 푸르지오 디오션 입주예정자협의회,신축 입주 예정자 (경기도 시흥시 정왕동 2715)
MKT-181,2026신축입주,덕진 거제의 봄 우선분양전환 후 공가세대,2026.05,376세대,90,미접촉,"얼음정수기, 비데, 공기청정기, 식세기",https://search.naver.com/search.naver?query=덕진 거제의 봄 우선분양전환 후 공가세대 입주예정자협의회,"신축 입주 예정자 (경상남도 거제시 아주2로 110 (아주동, 덕진 거제의봄 프리미엄 아파트))"
MKT-182,2026신축입주,엘리프 성남신촌,2026.05,320세대,90,미접촉,"얼음정수기, 비데, 공기청정기, 식세기",https://search.naver.com/search.naver?query=엘리프 성남신촌 입주예정자협의회,신축 입주 예정자 (경기도 성남시 수정구 성남신촌 공공주택지구 A2블록(신촌동 179-5번지 일원))
MKT-183,2026신축입주,인천가정2 A2블록 신혼희망타운(공공분양) 추가모집,2026.05,255세대,90,미접촉,"얼음정수기, 비데, 공기청정기, 식세기",https://search.naver.com/search.naver?query=인천가정2 A2블록 신혼희망타운(공공분양) 추가모집 입주예정자협의회,"신축 입주 예정자 (인천광역시 서구 가정동, 심곡동, 연희동, 청라동 일원 인천가정2 공공주택지구내 A-2블록)"
MKT-184,2026신축입주,안양자이 더 포레스트,2026.05,212세대,90,미접촉,"얼음정수기, 비데, 공기청정기, 식세기",https://search.naver.com/search.naver?query=안양자이 더 포레스트 입주예정자협의회,신축 입주 예정자 (경기도 안양시 만안구 석수2동 348번지 일대)
MKT-185,2026신축입주,더폴 디오션,2026.05,184세대,90,미접촉,"얼음정수기, 비데, 공기청정기, 식세기",https://search.naver.com/search.naver?query=더폴 디오션 입주예정자협의회,신축 입주 예정자 (부산광역시 해운대구 송정동 201-1번지 외 6필지)
MKT-186,2026신축입주,김해 대청천 에피트,2026.05,131세대,90,미접촉,"얼음정수기, 비데, 공기청정기, 식세기",https://search.naver.com/search.naver?query=김해 대청천 에피트 입주예정자협의회,신축 입주 예정자 (경상남도 김해시 삼문동 466번지 일원)
MKT-187,2026신축입주,한화포레나 부산대연,2026.05,104세대,90,미접촉,"얼음정수기, 비데, 공기청정기, 식세기",https://search.naver.com/search.naver?query=한화포레나 부산대연 입주예정자협의회,신축 입주 예정자 (부산광역시 남구 대연동 455-25번지)
MKT-188,2026신축입주,구서 다움포레,2026.05,68세대,90,미접촉,"얼음정수기, 비데, 공기청정기, 식세기",https://search.naver.com/search.naver?query=구서 다움포레 입주예정자협의회,신축 입주 예정자 (부산광역시 금정구 구서동 203-14번지 일원)
MKT-189,2026신축입주,상무 양우내안애 퍼스트힐,2026.05,57세대,90,미접촉,"얼음정수기, 비데, 공기청정기, 식세기",https://search.naver.com/search.naver?query=상무 양우내안애 퍼스트힐 입주예정자협의회,신축 입주 예정자 (광주광역시 서구 마륵동 47-7 일원)
MKT-190,2026신축입주,힐스테이트 안양펠루스,2026.05,55세대,90,미접촉,"얼음정수기, 비데, 공기청정기, 식세기",https://search.naver.com/search.naver?query=힐스테이트 안양펠루스 입주예정자협의회,신축 입주 예정자 (경기도 안양시 만안구 안양동 395-1번지)
MKT-191,2026신축입주,VIORR(비오르),2026.05,53세대,90,미접촉,"얼음정수기, 비데, 공기청정기, 식세기",https://search.naver.com/search.naver?query=VIORR(비오르) 입주예정자협의회,"신축 입주 예정자 (서울특별시 강동구 천호동 356, 356-1번지)"
MKT-192,2026신축입주,상무 양우내안애 퍼스트힐(조합원 취소분),2026.05,10세대,90,미접촉,"얼음정수기, 비데, 공기청정기, 식세기",https://search.naver.com/search.naver?query=상무 양우내안애 퍼스트힐(조합원 취소분) 입주예정자협의회,신축 입주 예정자 (광주광역시 서구 마륵동 47-7 일원)
MKT-193,2026신축입주,힐스테이트 오산 더퍼스트(조합원 자격상실 및 제명세대)(2회차),2026.05,9세대,90,미접촉,"얼음정수기, 비데, 공기청정기, 식세기",https://search.naver.com/search.naver?query=힐스테이트 오산 더퍼스트(조합원 자격상실 및 제명세대)(2회차) 입주예정자협의회,"신축 입주 예정자 (경기도 오산시 경기대로 24-27(갈곶동, 힐스테이트오산더퍼스트))"
MKT-194,2026신축입주,제일풍경채 영종국제도시 A16BL(사전청약),2026.06,1239세대,99,미접촉,"얼음정수기, 비데, 공기청정기, 식세기",https://search.naver.com/search.naver?query=제일풍경채 영종국제도시 A16BL(사전청약) 입주예정자협의회,신축 입주 예정자 (인천광역시 중구 영종국제도시 A16블록)
MKT-195,2026신축입주,원주자이 센트로,2026.06,970세대,99,미접촉,"얼음정수기, 비데, 공기청정기, 식세기",https://search.naver.com/search.naver?query=원주자이 센트로 입주예정자협의회,신축 입주 예정자 (강원특별자치도 원주시 단구동 894번지 일원)
MKT-196,2026신축입주,오산세교2지구 A-13블록 호반써밋 본청약,2026.06,850세대,99,미접촉,"얼음정수기, 비데, 공기청정기, 식세기",https://search.naver.com/search.naver?query=오산세교2지구 A-13블록 호반써밋 본청약 입주예정자협의회,신축 입주 예정자 (경기도 오산시 오산세교2지구 A13블록)
MKT-197,2026신축입주,광주 송정 중흥S-클래스 파크뷰,2026.06,840세대,99,미접촉,"얼음정수기, 비데, 공기청정기, 식세기",https://search.naver.com/search.naver?query=광주 송정 중흥S-클래스 파크뷰 입주예정자협의회,신축 입주 예정자 (경기도 광주시 송정동 산28-4번지 일원)
MKT-198,2026신축입주,이천중리B1-BL 우미린 어반퍼스트,2026.06,785세대,99,미접촉,"얼음정수기, 비데, 공기청정기, 식세기",https://search.naver.com/search.naver?query=이천중리B1-BL 우미린 어반퍼스트 입주예정자협의회,신축 입주 예정자 (경기도 이천시 이천중리 택지개발지구 내 B1블록)
MKT-199,2026신축입주,칸타빌 더 스위트,2026.06,625세대,99,미접촉,"얼음정수기, 비데, 공기청정기, 식세기",https://search.naver.com/search.naver?query=칸타빌 더 스위트 입주예정자협의회,신축 입주 예정자 (인천광역시 서구 원당동 810-1번지 외 9필지)
MKT-200,2026신축입주,인덕원 퍼스비엘,2026.06,586세대,99,미접촉,"얼음정수기, 비데, 공기청정기, 식세기",https://search.naver.com/search.naver?query=인덕원 퍼스비엘 입주예정자협의회,신축 입주 예정자 (경기도 의왕시 내손동 661번지 일원)
MKT-201,2026신축입주,드파인 광안,2026.06,567세대,99,미접촉,"얼음정수기, 비데, 공기청정기, 식세기",https://search.naver.com/search.naver?query=드파인 광안 입주예정자협의회,신축 입주 예정자 (부산광역시 수영구 광안동 1240-38번지)
MKT-202,2026신축입주,e편한세상 대전역 센텀비스타,2026.06,400세대,90,미접촉,"얼음정수기, 비데, 공기청정기, 식세기",https://search.naver.com/search.naver?query=e편한세상 대전역 센텀비스타 입주예정자협의회,신축 입주 예정자 (대전광역시 동구 삼성동 112-1번지 일원)
MKT-203,2026신축입주,울산KTX 우방 아이유쉘 퍼스트,2026.06,344세대,90,미접촉,"얼음정수기, 비데, 공기청정기, 식세기",https://search.naver.com/search.naver?query=울산KTX 우방 아이유쉘 퍼스트 입주예정자협의회,신축 입주 예정자 (울산광역시 울주군 삼남읍 신화리 1601-2번지)
MKT-204,2026신축입주,문수로 푸르지오 어반피스,2026.06,339세대,90,미접촉,"얼음정수기, 비데, 공기청정기, 식세기",https://search.naver.com/search.naver?query=문수로 푸르지오 어반피스 입주예정자협의회,신축 입주 예정자 (울산광역시 남구 신정동 1266-6번지 일원)
MKT-205,2026신축입주,롯데캐슬 인피니엘,2026.06,303세대,90,미접촉,"얼음정수기, 비데, 공기청정기, 식세기",https://search.naver.com/search.naver?query=롯데캐슬 인피니엘 입주예정자협의회,신축 입주 예정자 (부산광역시 남구 문현동 295-1번지 일원)
MKT-206,2026신축입주,더샵 달서센트엘로,2026.06,272세대,90,미접촉,"얼음정수기, 비데, 공기청정기, 식세기",https://search.naver.com/search.naver?query=더샵 달서센트엘로 입주예정자협의회,신축 입주 예정자 (대구광역시 달서구 본동 888-2번지 일원)
MKT-207,2026신축입주,장성 남양휴튼 리버파크,2026.06,180세대,90,미접촉,"얼음정수기, 비데, 공기청정기, 식세기",https://search.naver.com/search.naver?query=장성 남양휴튼 리버파크 입주예정자협의회,신축 입주 예정자 (전라남도 장성군 장성읍 기산리 112-3번지 일원)
MKT-208,2026신축입주,시청역 해모로 센티아,2026.06,131세대,90,미접촉,"얼음정수기, 비데, 공기청정기, 식세기",https://search.naver.com/search.naver?query=시청역 해모로 센티아 입주예정자협의회,신축 입주 예정자 (부산광역시 연제구 연산동 1602번지 일원)
MKT-209,2026신축입주,e편한세상 금정 메종카운티,2026.06,123세대,90,미접촉,"얼음정수기, 비데, 공기청정기, 식세기",https://search.naver.com/search.naver?query=e편한세상 금정 메종카운티 입주예정자협의회,신축 입주 예정자 (부산광역시 금정구 남산동 3-1번지 일원)
MKT-210,2026신축입주,울진후포 오션더캐슬,2026.06,123세대,90,미접촉,"얼음정수기, 비데, 공기청정기, 식세기",https://search.naver.com/search.naver?query=울진후포 오션더캐슬 입주예정자협의회,신축 입주 예정자 (경상북도 울진군 후포면 금음리 5-4외 1필지)
MKT-211,2026신축입주,ESTIA 신장림 센트럴,2026.06,108세대,90,미접촉,"얼음정수기, 비데, 공기청정기, 식세기",https://search.naver.com/search.naver?query=ESTIA 신장림 센트럴 입주예정자협의회,신축 입주 예정자 (부산광역시 사하구 장림동 432번지 외 2필지)
MKT-212,2026신축입주,파주금촌 금호어울림(조합원 취소분),2026.06,60세대,90,미접촉,"얼음정수기, 비데, 공기청정기, 식세기",https://search.naver.com/search.naver?query=파주금촌 금호어울림(조합원 취소분) 입주예정자협의회,신축 입주 예정자 (경기도 파주시 금촌동 337-15번지(금촌2동제2지구 주택재개발정비사업))
MKT-213,2026신축입주,선운지구다사로움 공가세대 일반공급,2026.06,27세대,90,미접촉,"얼음정수기, 비데, 공기청정기, 식세기",https://search.naver.com/search.naver?query=선운지구다사로움 공가세대 일반공급 입주예정자협의회,신축 입주 예정자 (광주광역시 광산구 선운로 34 (선운지구다사로움아파트))
MKT-214,2026신축입주,도안 우미린 트리쉐이드,2026.07,1375세대,99,미접촉,"얼음정수기, 비데, 공기청정기, 식세기",https://search.naver.com/search.naver?query=도안 우미린 트리쉐이드 입주예정자협의회,신축 입주 예정자 (대전광역시 유성구 용계동 산27-1번지 일원)
MKT-215,2026신축입주,e편한세상 검단 웰카운티(국민주택),2026.07,1166세대,99,미접촉,"얼음정수기, 비데, 공기청정기, 식세기",https://search.naver.com/search.naver?query=e편한세상 검단 웰카운티(국민주택) 입주예정자협의회,신축 입주 예정자 (인천광역시 서구 원당동 1026-1(인천검단신도시 AA10-1블록))
MKT-216,2026신축입주,부산에코델타시티 디에트르 더 퍼스트(28BL),2026.07,972세대,99,미접촉,"얼음정수기, 비데, 공기청정기, 식세기",https://search.naver.com/search.naver?query=부산에코델타시티 디에트르 더 퍼스트(28BL) 입주예정자협의회,신축 입주 예정자 (부산광역시 강서구 에코델타시티 공동주택용지 28BL)
MKT-217,2026신축입주,e편한세상 검단 에코비스타,2026.07,732세대,99,미접촉,"얼음정수기, 비데, 공기청정기, 식세기",https://search.naver.com/search.naver?query=e편한세상 검단 에코비스타 입주예정자협의회,신축 입주 예정자 (인천광역시 서구 검단신도시 AA29BL(마전동))
MKT-218,2026신축입주,복대자이 더 스카이,2026.07,715세대,99,미접촉,"얼음정수기, 비데, 공기청정기, 식세기",https://search.naver.com/search.naver?query=복대자이 더 스카이 입주예정자협의회,신축 입주 예정자 (충청북도 청주시 흥덕구 복대동 100-28번지 일원)
MKT-219,2026신축입주,평택화양 서희스타힐스 센트럴파크,2026.07,713세대,99,미접촉,"얼음정수기, 비데, 공기청정기, 식세기",https://search.naver.com/search.naver?query=평택화양 서희스타힐스 센트럴파크 입주예정자협의회,신축 입주 예정자 (경기도 평택시 현덕면 화양리 평택화양지구 8블록(A8BL 2LOT))
MKT-220,2026신축입주,동탄신도시 금강펜테리움 7차 센트럴파크,2026.07,662세대,99,미접촉,"얼음정수기, 비데, 공기청정기, 식세기",https://search.naver.com/search.naver?query=동탄신도시 금강펜테리움 7차 센트럴파크 입주예정자협의회,신축 입주 예정자 (경기도 화성시 신동 동탄2택지개발지구(A57-2블럭))
MKT-221,2026신축입주,파주운정3 A22블록 공공분양주택(본청약),2026.07,642세대,99,미접촉,"얼음정수기, 비데, 공기청정기, 식세기",https://search.naver.com/search.naver?query=파주운정3 A22블록 공공분양주택(본청약) 입주예정자협의회,신축 입주 예정자 (경기도 파주시 동패동 일원 파주운정3 택지개발지구내 A22블록)
MKT-222,2026신축입주,다산 월드메르디앙 센텀하이,2026.07,463세대,90,미접촉,"얼음정수기, 비데, 공기청정기, 식세기",https://search.naver.com/search.naver?query=다산 월드메르디앙 센텀하이 입주예정자협의회,신축 입주 예정자 (경상북도 고령군 다산면 좌학리 139-1번지 일원)
MKT-223,2026신축입주,e편한세상 제물포역 파크메종,2026.07,449세대,90,미접촉,"얼음정수기, 비데, 공기청정기, 식세기",https://search.naver.com/search.naver?query=e편한세상 제물포역 파크메종 입주예정자협의회,신축 입주 예정자 (인천광역시 미추홀구 숭의동 18번지 일대)
MKT-224,2026신축입주,광주 선운2지구 예다음(B-2블록)(본청약),2026.07,395세대,90,미접촉,"얼음정수기, 비데, 공기청정기, 식세기",https://search.naver.com/search.naver?query=광주 선운2지구 예다음(B-2블록)(본청약) 입주예정자협의회,신축 입주 예정자 (광주광역시 광산구 운수동 선운2지구 B-2BL)
MKT-225,2026신축입주,남울산 노르웨이숲,2026.07,332세대,90,미접촉,"얼음정수기, 비데, 공기청정기, 식세기",https://search.naver.com/search.naver?query=남울산 노르웨이숲 입주예정자협의회,신축 입주 예정자 (울산광역시 울주군 온양읍 발리 440-1번지 일원)
MKT-226,2026신축입주,e편한세상 검단 웰카운티(민영주택),2026.07,292세대,90,미접촉,"얼음정수기, 비데, 공기청정기, 식세기",https://search.naver.com/search.naver?query=e편한세상 검단 웰카운티(민영주택) 입주예정자협의회,신축 입주 예정자 (인천광역시 서구 원당동 1026-1(인천검단신도시 AA10-1블록))
MKT-227,2026신축입주,세종 금강펜테리움 더 시글로(4-2생활권 H3BL) (사전청약),2026.07,272세대,90,미접촉,"얼음정수기, 비데, 공기청정기, 식세기",https://search.naver.com/search.naver?query=세종 금강펜테리움 더 시글로(4-2생활권 H3BL) (사전청약) 입주예정자협의회,신축 입주 예정자 (세종특별자치시 행정중심복합도시 4-2생활권 H3BL(집현동 926-2답 일원))
MKT-228,2026신축입주,트루엘 시그니처 천안역,2026.07,236세대,90,미접촉,"얼음정수기, 비데, 공기청정기, 식세기",https://search.naver.com/search.naver?query=트루엘 시그니처 천안역 입주예정자협의회,신축 입주 예정자 (충청남도 천안시 동남구 문화동 78-1외 9필지)
MKT-229,2026신축입주,더샵 연동애비뉴,2026.07,204세대,90,미접촉,"얼음정수기, 비데, 공기청정기, 식세기",https://search.naver.com/search.naver?query=더샵 연동애비뉴 입주예정자협의회,신축 입주 예정자 (제주특별자치도 제주시 연동 261-37번지 외 5필지 일원)
MKT-230,2026신축입주,힐스테이트 이천역 2단지,2026.07,168세대,90,미접촉,"얼음정수기, 비데, 공기청정기, 식세기",https://search.naver.com/search.naver?query=힐스테이트 이천역 2단지 입주예정자협의회,신축 입주 예정자 (경기도 이천시 증일동 60-5번지 일원)
MKT-231,2026신축입주,의정부역 파밀리에Ⅱ,2026.07,150세대,90,미접촉,"얼음정수기, 비데, 공기청정기, 식세기",https://search.naver.com/search.naver?query=의정부역 파밀리에Ⅱ 입주예정자협의회,"신축 입주 예정자 (경기도 의정부시 의정부동 100-1, 100-2번)"
MKT-232,2026신축입주,힐스테이트 이천역 1단지,2026.07,146세대,90,미접촉,"얼음정수기, 비데, 공기청정기, 식세기",https://search.naver.com/search.naver?query=힐스테이트 이천역 1단지 입주예정자협의회,신축 입주 예정자 (경기도 이천시 증일동 79-4번지 일원)
MKT-233,2026신축입주,경희궁 유보라,2026.07,108세대,90,미접촉,"얼음정수기, 비데, 공기청정기, 식세기",https://search.naver.com/search.naver?query=경희궁 유보라 입주예정자협의회,신축 입주 예정자 (서울특별시 서대문구 영천동 69-20외 160필지)
MKT-234,2026신축입주,오티에르 반포,2026.07,86세대,90,미접촉,"얼음정수기, 비데, 공기청정기, 식세기",https://search.naver.com/search.naver?query=오티에르 반포 입주예정자협의회,신축 입주 예정자 (서울특별시 서초구 잠원동 59-10번지 외 3필지)
MKT-235,2026신축입주,디 아테온(THE ATHEON),2026.07,64세대,90,미접촉,"얼음정수기, 비데, 공기청정기, 식세기",https://search.naver.com/search.naver?query=디 아테온(THE ATHEON) 입주예정자협의회,신축 입주 예정자 (서울특별시 강동구 길동 336-1번지)
MKT-236,2026신축입주,평택화양 서희스타힐스 센트럴파크(조합원 취소분),2026.07,47세대,90,미접촉,"얼음정수기, 비데, 공기청정기, 식세기",https://search.naver.com/search.naver?query=평택화양 서희스타힐스 센트럴파크(조합원 취소분) 입주예정자협의회,신축 입주 예정자 (경기도 평택시 현덕면 화양리 평택화양지구 8블록(A8BL 2LOT))
MKT-237,2026신축입주,남울산 노르웨이숲(조합원 취소분),2026.07,31세대,90,미접촉,"얼음정수기, 비데, 공기청정기, 식세기",https://search.naver.com/search.naver?query=남울산 노르웨이숲(조합원 취소분) 입주예정자협의회,신축 입주 예정자 (울산광역시 울주군 온양읍 발리 440-1번지 일원)
MKT-238,2026신축입주,e편한세상 제물포역 파크메종(조합원 취소분),2026.07,29세대,90,미접촉,"얼음정수기, 비데, 공기청정기, 식세기",https://search.naver.com/search.naver?query=e편한세상 제물포역 파크메종(조합원 취소분) 입주예정자협의회,신축 입주 예정자 (인천광역시 미추홀구 숭의동 18번지 일대)
MKT-239,2026신축입주,북서울자이 폴라리스(보류지),2026.07,6세대,90,미접촉,"얼음정수기, 비데, 공기청정기, 식세기",https://search.naver.com/search.naver?query=북서울자이 폴라리스(보류지) 입주예정자협의회,신축 입주 예정자 (서울특별시 강북구 미아동 791-364번지 일대 (미아 3구역 주택재개발 정비사업))
MKT-240,2026신축입주,평택 브레인시티 2BL 대광로제비앙 모아엘가,2026.08,1700세대,99,미접촉,"얼음정수기, 비데, 공기청정기, 식세기",https://search.naver.com/search.naver?query=평택 브레인시티 2BL 대광로제비앙 모아엘가 입주예정자협의회,신축 입주 예정자 (경기도 평택시 장안동 평택브레인시티 일반산업단지 공동2BL)
MKT-241,2026신축입주,탕정 푸르지오 리버파크,2026.08,1626세대,99,미접촉,"얼음정수기, 비데, 공기청정기, 식세기",https://search.naver.com/search.naver?query=탕정 푸르지오 리버파크 입주예정자협의회,신축 입주 예정자 (충청남도 아산시 탕정면 갈산리 아산탕정테크노 일반산업단지 C2BL)
MKT-242,2026신축입주,매교역 팰루시드,2026.08,1234세대,99,미접촉,"얼음정수기, 비데, 공기청정기, 식세기",https://search.naver.com/search.naver?query=매교역 팰루시드 입주예정자협의회,신축 입주 예정자 (경기도 수원시 권선구 세류동 817-72번지 일원)
MKT-243,2026신축입주,춘천 레이크시티 아이파크,2026.08,874세대,99,미접촉,"얼음정수기, 비데, 공기청정기, 식세기",https://search.naver.com/search.naver?query=춘천 레이크시티 아이파크 입주예정자협의회,신축 입주 예정자 (강원특별자치도 춘천시 삼천동 22-2번지 일원)
MKT-244,2026신축입주,강릉 오션시티 아이파크,2026.08,794세대,99,미접촉,"얼음정수기, 비데, 공기청정기, 식세기",https://search.naver.com/search.naver?query=강릉 오션시티 아이파크 입주예정자협의회,신축 입주 예정자 (강원특별자치도 강릉시 견소동 244-2번지 일원)
MKT-245,2026신축입주,위파크 더 센트럴,2026.08,625세대,99,미접촉,"얼음정수기, 비데, 공기청정기, 식세기",https://search.naver.com/search.naver?query=위파크 더 센트럴 입주예정자협의회,신축 입주 예정자 (광주광역시 서구 풍암동 10-12번지 일원)
MKT-246,2026신축입주,해링턴 플레이스 테크노폴리스,2026.08,602세대,99,미접촉,"얼음정수기, 비데, 공기청정기, 식세기",https://search.naver.com/search.naver?query=해링턴 플레이스 테크노폴리스 입주예정자협의회,신축 입주 예정자 (충청북도 청주시 흥덕구 송절동 513-2번지 일원(청주 테크노폴리스 S2블록))
MKT-247,2026신축입주,이천자이 더 리체,2026.08,558세대,99,미접촉,"얼음정수기, 비데, 공기청정기, 식세기",https://search.naver.com/search.naver?query=이천자이 더 리체 입주예정자협의회,신축 입주 예정자 (경기도 이천시 증포동 323-20번지 일원)
MKT-248,2026신축입주,반포 래미안 트리니원,2026.08,506세대,99,미접촉,"얼음정수기, 비데, 공기청정기, 식세기",https://search.naver.com/search.naver?query=반포 래미안 트리니원 입주예정자협의회,신축 입주 예정자 (서울특별시 서초구 반포동 1109번지 일대)
MKT-249,2026신축입주,논산 푸르지오 더 퍼스트,2026.08,433세대,90,미접촉,"얼음정수기, 비데, 공기청정기, 식세기",https://search.naver.com/search.naver?query=논산 푸르지오 더 퍼스트 입주예정자협의회,신축 입주 예정자 (충청남도 논산시 연무읍 안심리 26번지 일원)
MKT-250,2026신축입주,평택 고덕국제신도시 A48블록 금성백조 예미지,2026.08,431세대,90,미접촉,"얼음정수기, 비데, 공기청정기, 식세기",https://search.naver.com/search.naver?query=평택 고덕국제신도시 A48블록 금성백조 예미지 입주예정자협의회,신축 입주 예정자 (경기도 평택시 고덕국제화계획지구 A-48블록)
MKT-251,2026신축입주,파주 운정신도시 우미 린 더 센텀,2026.08,418세대,90,미접촉,"얼음정수기, 비데, 공기청정기, 식세기",https://search.naver.com/search.naver?query=파주 운정신도시 우미 린 더 센텀 입주예정자협의회,신축 입주 예정자 (경기도 파주시 운정3지구 A21BL)
MKT-252,2026신축입주,파주 운정3지구 주상복합용지 4BL (사전청약),2026.08,402세대,90,미접촉,"얼음정수기, 비데, 공기청정기, 식세기",https://search.naver.com/search.naver?query=파주 운정3지구 주상복합용지 4BL (사전청약) 입주예정자협의회,신축 입주 예정자 (경기도 파주시 파주운정3지구 주상복합 4블록(경기도 파주시 동패동 400-7번지 일원))
MKT-253,2026신축입주,파주 운정3지구 주상복합용지 3BL (사전청약),2026.08,402세대,90,미접촉,"얼음정수기, 비데, 공기청정기, 식세기",https://search.naver.com/search.naver?query=파주 운정3지구 주상복합용지 3BL (사전청약) 입주예정자협의회,신축 입주 예정자 (경기도 파주시 파주운정3지구 주상복합 3블록(경기도 파주시 동패동 1673번지 일원))
MKT-254,2026신축입주,마곡지구 17단지 토지임대부(본청약),2026.08,381세대,90,미접촉,"얼음정수기, 비데, 공기청정기, 식세기",https://search.naver.com/search.naver?query=마곡지구 17단지 토지임대부(본청약) 입주예정자협의회,"신축 입주 예정자 (서울특별시 강서구 마곡동 747-1, 마곡지구 17단지)"
MKT-255,2026신축입주,옥동 경남아너스빌 ubc,2026.08,320세대,90,미접촉,"얼음정수기, 비데, 공기청정기, 식세기",https://search.naver.com/search.naver?query=옥동 경남아너스빌 ubc 입주예정자협의회,신축 입주 예정자 (울산광역시 남구 옥동 651-2번지 일원)
MKT-256,2026신축입주,운서역 대라수 어썸에듀,2026.08,311세대,90,미접촉,"얼음정수기, 비데, 공기청정기, 식세기",https://search.naver.com/search.naver?query=운서역 대라수 어썸에듀 입주예정자협의회,신축 입주 예정자 (인천광역시 중구 영종하늘도시 A14BL)
MKT-257,2026신축입주,오션 월드메르디앙 더 리치먼드,2026.08,221세대,90,미접촉,"얼음정수기, 비데, 공기청정기, 식세기",https://search.naver.com/search.naver?query=오션 월드메르디앙 더 리치먼드 입주예정자협의회,신축 입주 예정자 (경상남도 거제시 아주동 산16-2번지 일원)
MKT-258,2026신축입주,문수로 롯데캐슬 그랑파르크,2026.08,193세대,90,미접촉,"얼음정수기, 비데, 공기청정기, 식세기",https://search.naver.com/search.naver?query=문수로 롯데캐슬 그랑파르크 입주예정자협의회,신축 입주 예정자 (울산광역시 남구 신정동 1267-6번지 외 21필지)
MKT-259,2026신축입주,엘리프 미아역 2단지,2026.08,160세대,90,미접촉,"얼음정수기, 비데, 공기청정기, 식세기",https://search.naver.com/search.naver?query=엘리프 미아역 2단지 입주예정자협의회,신축 입주 예정자 (서울특별시 강북구 도봉로 222 (미아동))
MKT-260,2026신축입주,평택역 더센트럴45,2026.08,99세대,90,미접촉,"얼음정수기, 비데, 공기청정기, 식세기",https://search.naver.com/search.naver?query=평택역 더센트럴45 입주예정자협의회,신축 입주 예정자 (경기도 평택시 평택동 45-1)
MKT-261,2026신축입주,광주 서구 광천동 PH543,2026.08,99세대,90,미접촉,"얼음정수기, 비데, 공기청정기, 식세기",https://search.naver.com/search.naver?query=광주 서구 광천동 PH543 입주예정자협의회,신축 입주 예정자 (광주광역시 서구 광천동 54-3번지 일원)
MKT-262,2026신축입주,센텀 엘카사,2026.08,74세대,90,미접촉,"얼음정수기, 비데, 공기청정기, 식세기",https://search.naver.com/search.naver?query=센텀 엘카사 입주예정자협의회,신축 입주 예정자 (울산광역시 울주군 온양읍 화산발리로 706)
MKT-263,2026신축입주,엘리프 미아역 1단지,2026.08,66세대,90,미접촉,"얼음정수기, 비데, 공기청정기, 식세기",https://search.naver.com/search.naver?query=엘리프 미아역 1단지 입주예정자협의회,신축 입주 예정자 (서울특별시 강북구 도봉로 232 (미아동))
MKT-264,2026신축입주,고강역 신원아침도시 퍼스티지,2026.08,47세대,90,미접촉,"얼음정수기, 비데, 공기청정기, 식세기",https://search.naver.com/search.naver?query=고강역 신원아침도시 퍼스티지 입주예정자협의회,신축 입주 예정자 (경기도 부천시 오정구 고강동 307)
MKT-265,2026신축입주,무등산 더힐(조합원 취소분),2026.08,33세대,90,미접촉,"얼음정수기, 비데, 공기청정기, 식세기",https://search.naver.com/search.naver?query=무등산 더힐(조합원 취소분) 입주예정자협의회,신축 입주 예정자 (광주광역시 동구 지산동 317-19번지 일원)
MKT-266,2026신축입주,디에이치 방배,2026.09,1244세대,99,미접촉,"얼음정수기, 비데, 공기청정기, 식세기",https://search.naver.com/search.naver?query=디에이치 방배 입주예정자협의회,신축 입주 예정자 (서울특별시 서초구 방배동 946-8번지 일원)
MKT-267,2026신축입주,강릉 모아미래도 오션리버,2026.09,561세대,99,미접촉,"얼음정수기, 비데, 공기청정기, 식세기",https://search.naver.com/search.naver?query=강릉 모아미래도 오션리버 입주예정자협의회,신축 입주 예정자 (강원특별자치도 강릉시 견소동 219번지 외 19필지)
MKT-268,2026신축입주,춘천 금호어울림 더 퍼스트,2026.09,543세대,99,미접촉,"얼음정수기, 비데, 공기청정기, 식세기",https://search.naver.com/search.naver?query=춘천 금호어울림 더 퍼스트 입주예정자협의회,신축 입주 예정자 (강원특별자치도 춘천시 동면 만천리 785번지 일원)
MKT-269,2026신축입주,회천중앙역 대광로제비앙(본청약),2026.09,541세대,99,미접촉,"얼음정수기, 비데, 공기청정기, 식세기",https://search.naver.com/search.naver?query=회천중앙역 대광로제비앙(본청약) 입주예정자협의회,신축 입주 예정자 (경기도 양주시 양주회천지구 A12BL)
MKT-270,2026신축입주,아산 신창1차 광신프로그레스,2026.09,450세대,90,미접촉,"얼음정수기, 비데, 공기청정기, 식세기",https://search.naver.com/search.naver?query=아산 신창1차 광신프로그레스 입주예정자협의회,신축 입주 예정자 (충청남도 아산시 신창면 남성리 177-3번지 일원)
MKT-271,2026신축입주,e편한세상 신곡 시그니처뷰,2026.09,407세대,90,미접촉,"얼음정수기, 비데, 공기청정기, 식세기",https://search.naver.com/search.naver?query=e편한세상 신곡 시그니처뷰 입주예정자협의회,신축 입주 예정자 (경기도 의정부시 신곡동 435-3번지 일대)
MKT-272,2026신축입주,연제첨단 광신프로그레스,2026.09,380세대,90,미접촉,"얼음정수기, 비데, 공기청정기, 식세기",https://search.naver.com/search.naver?query=연제첨단 광신프로그레스 입주예정자협의회,신축 입주 예정자 (광주광역시 북구 연제동 583-6번지 일원)
MKT-273,2026신축입주,파주 운정3 이지더원(A44BL),2026.09,379세대,90,미접촉,"얼음정수기, 비데, 공기청정기, 식세기",https://search.naver.com/search.naver?query=파주 운정3 이지더원(A44BL) 입주예정자협의회,"신축 입주 예정자 (경기도 파주시 운정3 A44BL(경기도 파주시 동패동, 418번지 일원))"
MKT-274,2026신축입주,송내역 푸르지오 센트비엔,2026.09,225세대,90,미접촉,"얼음정수기, 비데, 공기청정기, 식세기",https://search.naver.com/search.naver?query=송내역 푸르지오 센트비엔 입주예정자협의회,신축 입주 예정자 (경기도 부천시 송내동 339번지 일원)
MKT-275,2026신축입주,한화포레나 안산고잔2차,2026.09,178세대,90,미접촉,"얼음정수기, 비데, 공기청정기, 식세기",https://search.naver.com/search.naver?query=한화포레나 안산고잔2차 입주예정자협의회,신축 입주 예정자 (경기도 안산시 단원구 고잔동 648)
MKT-276,2026신축입주,거제역 양우내안애 아시아드,2026.09,168세대,90,미접촉,"얼음정수기, 비데, 공기청정기, 식세기",https://search.naver.com/search.naver?query=거제역 양우내안애 아시아드 입주예정자협의회,신축 입주 예정자 (부산광역시 연제구 거제동 439-10번지 일원)
MKT-277,2026신축입주,보문 센트럴 아이파크,2026.09,87세대,90,미접촉,"얼음정수기, 비데, 공기청정기, 식세기",https://search.naver.com/search.naver?query=보문 센트럴 아이파크 입주예정자협의회,신축 입주 예정자 (서울특별시 성북구 보문동1가 196-11일대)
MKT-278,2026신축입주,상무 양우내안에 퍼스트힐(조합원 취소분),2026.09,72세대,90,미접촉,"얼음정수기, 비데, 공기청정기, 식세기",https://search.naver.com/search.naver?query=상무 양우내안에 퍼스트힐(조합원 취소분) 입주예정자협의회,신축 입주 예정자 (광주광역시 서구 마륵동 47-7 일원)
MKT-279,2026신축입주,운암산공원 진아리채 그랑뷰,2026.09,69세대,90,미접촉,"얼음정수기, 비데, 공기청정기, 식세기",https://search.naver.com/search.naver?query=운암산공원 진아리채 그랑뷰 입주예정자협의회,신축 입주 예정자 (광주광역시 북구 동림동 272번지 일원)
MKT-280,2026신축입주,중앙하이츠 갈산역 센트럴,2026.09,50세대,90,미접촉,"얼음정수기, 비데, 공기청정기, 식세기",https://search.naver.com/search.naver?query=중앙하이츠 갈산역 센트럴 입주예정자협의회,신축 입주 예정자 (인천광역시 부평구 갈산동 181-11 외 1필지)
MKT-281,2026신축입주,창원 센트럴 아이파크,2026.09,36세대,90,미접촉,"얼음정수기, 비데, 공기청정기, 식세기",https://search.naver.com/search.naver?query=창원 센트럴 아이파크 입주예정자협의회,신축 입주 예정자 (경상남도 창원시 성산구 신월동 90번지 일원)
MKT-282,2026신축입주,첨단 제일풍경채 A2블록,2026.10,1845세대,99,미접촉,"얼음정수기, 비데, 공기청정기, 식세기",https://search.naver.com/search.naver?query=첨단 제일풍경채 A2블록 입주예정자협의회,신축 입주 예정자 (광주연구개발특구 첨단3지구 A2블록(전라남도 장성군 진원면))
MKT-283,2026신축입주,힐스테이트 첨단센트럴,2026.10,1520세대,99,미접촉,"얼음정수기, 비데, 공기청정기, 식세기",https://search.naver.com/search.naver?query=힐스테이트 첨단센트럴 입주예정자협의회,신축 입주 예정자 (광주연구개발특구 첨단3지구 A1블록(전라남도 장성군 진원면))
MKT-284,2026신축입주,위파크 일곡공원,2026.10,903세대,99,미접촉,"얼음정수기, 비데, 공기청정기, 식세기",https://search.naver.com/search.naver?query=위파크 일곡공원 입주예정자협의회,신축 입주 예정자 (광주광역시 북구 삼각동 700번지일원)
MKT-285,2026신축입주,오산역 금강펜테리움 센트럴파크(A8블록),2026.10,730세대,99,미접촉,"얼음정수기, 비데, 공기청정기, 식세기",https://search.naver.com/search.naver?query=오산역 금강펜테리움 센트럴파크(A8블록) 입주예정자협의회,신축 입주 예정자 (경기도 오산시 가수동 449번지(오산세교2지구 A8BL))
MKT-286,2026신축입주,첨단 제일풍경채 A5블록,2026.10,584세대,99,미접촉,"얼음정수기, 비데, 공기청정기, 식세기",https://search.naver.com/search.naver?query=첨단 제일풍경채 A5블록 입주예정자협의회,신축 입주 예정자 (광주광역시 북구 월출동 광주연구개발특구 첨단3지구 A5블록)
MKT-287,2026신축입주,힐스테이트 메디알레,2026.10,483세대,90,미접촉,"얼음정수기, 비데, 공기청정기, 식세기",https://search.naver.com/search.naver?query=힐스테이트 메디알레 입주예정자협의회,"신축 입주 예정자 (서울특별시 은평구 대조동 88, 89번지 일원)"
MKT-288,2026신축입주,e편한세상 평촌 어반밸리,2026.10,458세대,90,미접촉,"얼음정수기, 비데, 공기청정기, 식세기",https://search.naver.com/search.naver?query=e편한세상 평촌 어반밸리 입주예정자협의회,신축 입주 예정자 (경기도 안양시 동안구 호계동 533-3번지)
MKT-289,2026신축입주,서산 센트럴 아이파크,2026.10,410세대,90,미접촉,"얼음정수기, 비데, 공기청정기, 식세기",https://search.naver.com/search.naver?query=서산 센트럴 아이파크 입주예정자협의회,신축 입주 예정자 (충청남도 서산시 석림동 528-1번지 일원)
MKT-290,2026신축입주,제일풍경채 검단Ⅲ 본청약,2026.10,393세대,90,미접촉,"얼음정수기, 비데, 공기청정기, 식세기",https://search.naver.com/search.naver?query=제일풍경채 검단Ⅲ 본청약 입주예정자협의회,신축 입주 예정자 (인천광역시 서구 불로동 검단신도시 AB20-1블록)
MKT-291,2026신축입주,더샵 중앙로역센터폴,2026.10,299세대,90,미접촉,"얼음정수기, 비데, 공기청정기, 식세기",https://search.naver.com/search.naver?query=더샵 중앙로역센터폴 입주예정자협의회,신축 입주 예정자 (대구광역시 중구 사일동 15-1 일원)
MKT-292,2026신축입주,홍성2차 승원팰리체 시그니처,2026.10,293세대,90,미접촉,"얼음정수기, 비데, 공기청정기, 식세기",https://search.naver.com/search.naver?query=홍성2차 승원팰리체 시그니처 입주예정자협의회,신축 입주 예정자 (충청남도 홍성군 광천읍 광천리 154-47번지 일원)
MKT-293,2026신축입주,힐스테이트 등촌역,2026.10,274세대,90,미접촉,"얼음정수기, 비데, 공기청정기, 식세기",https://search.naver.com/search.naver?query=힐스테이트 등촌역 입주예정자협의회,신축 입주 예정자 (서울특별시 강서구 등촌동 366-24번지 일원)
MKT-294,2026신축입주,스위트 클래스 더 스카이 45,2026.10,264세대,90,미접촉,"얼음정수기, 비데, 공기청정기, 식세기",https://search.naver.com/search.naver?query=스위트 클래스 더 스카이 45 입주예정자협의회,신축 입주 예정자 (강원도 홍천군 홍천읍 희망리 396-9 외 7필지)
MKT-295,2026신축입주,봉동 한양립스 센텀포레,2026.10,256세대,90,미접촉,"얼음정수기, 비데, 공기청정기, 식세기",https://search.naver.com/search.naver?query=봉동 한양립스 센텀포레 입주예정자협의회,신축 입주 예정자 (전북특별자치도 완주군 봉동읍 용암리 48-4 일원)
MKT-296,2026신축입주,삼문 시그니처 웰가,2026.10,232세대,90,미접촉,"얼음정수기, 비데, 공기청정기, 식세기",https://search.naver.com/search.naver?query=삼문 시그니처 웰가 입주예정자협의회,신축 입주 예정자 (경상남도 밀양시 삼문동 620-1번지 외 9필지)
MKT-297,2026신축입주,성남 금토지구 A-3블록 중흥S-클래스 (사전청약),2026.10,229세대,90,미접촉,"얼음정수기, 비데, 공기청정기, 식세기",https://search.naver.com/search.naver?query=성남 금토지구 A-3블록 중흥S-클래스 (사전청약) 입주예정자협의회,신축 입주 예정자 (경기도 성남시 수정구 금토로 44-5(금토동))
MKT-298,2026신축입주,포항자이 디오션,2026.10,212세대,90,미접촉,"얼음정수기, 비데, 공기청정기, 식세기",https://search.naver.com/search.naver?query=포항자이 디오션 입주예정자협의회,신축 입주 예정자 (경상북도 포항시 북구 항구동 17-358번지 일원)
MKT-299,2026신축입주,대상 웰라움 홍천,2026.10,200세대,90,미접촉,"얼음정수기, 비데, 공기청정기, 식세기",https://search.naver.com/search.naver?query=대상 웰라움 홍천 입주예정자협의회,신축 입주 예정자 (강원특별자치도 홍천군 홍천읍 갈마곡리 23-26 일원)
MKT-300,2026신축입주,e편한세상 신정 스카이하임,2026.10,158세대,90,미접촉,"얼음정수기, 비데, 공기청정기, 식세기",https://search.naver.com/search.naver?query=e편한세상 신정 스카이하임 입주예정자협의회,신축 입주 예정자 (울산광역시 남구 신정동 1136-3번지 외 15필지)
MKT-301,2026신축입주,래미안 레벤투스,2026.10,133세대,90,미접촉,"얼음정수기, 비데, 공기청정기, 식세기",https://search.naver.com/search.naver?query=래미안 레벤투스 입주예정자협의회,신축 입주 예정자 (서울특별시 강남구 도곡동 540번지 일대(도곡삼호아파트 재건축정비사업조합))
MKT-302,2026신축입주,운정3 제일풍경채(A46BL) (본청약),2026.10,121세대,90,미접촉,"얼음정수기, 비데, 공기청정기, 식세기",https://search.naver.com/search.naver?query=운정3 제일풍경채(A46BL) (본청약) 입주예정자협의회,신축 입주 예정자 (경기도 파주시 운정3지구 A46BL (경기도 파주시 동패동 415-13번지 일원))
MKT-303,2026신축입주,서귀포시 서홍동 형남아파트6차,2026.10,94세대,90,미접촉,"얼음정수기, 비데, 공기청정기, 식세기",https://search.naver.com/search.naver?query=서귀포시 서홍동 형남아파트6차 입주예정자협의회,신축 입주 예정자 (제주특별자치도 서귀포시 서홍동 384-5번지 일원)
MKT-304,2026신축입주,동작 보라매역 프리센트,2026.10,91세대,90,미접촉,"얼음정수기, 비데, 공기청정기, 식세기",https://search.naver.com/search.naver?query=동작 보라매역 프리센트 입주예정자협의회,신축 입주 예정자 (서울특별시 동작구 신대방동 377-1번지 외 5필지)
MKT-305,2026신축입주,남울산 노르웨이숲(조합원 취소분)(2회차),2026.10,52세대,90,미접촉,"얼음정수기, 비데, 공기청정기, 식세기",https://search.naver.com/search.naver?query=남울산 노르웨이숲(조합원 취소분)(2회차) 입주예정자협의회,신축 입주 예정자 (울산광역시 울주군 온양읍 발리동상로 34)
MKT-306,2026신축입주,여월 중앙하이츠 아르비채,2026.10,37세대,90,미접촉,"얼음정수기, 비데, 공기청정기, 식세기",https://search.naver.com/search.naver?query=여월 중앙하이츠 아르비채 입주예정자협의회,신축 입주 예정자 (경기도 부천시 오정구 여월동 8-9번지 외 4필지)
MKT-307,2026신축입주,시흥 은계 에피트,2026.10,30세대,90,미접촉,"얼음정수기, 비데, 공기청정기, 식세기",https://search.naver.com/search.naver?query=시흥 은계 에피트 입주예정자협의회,신축 입주 예정자 (경기도 시흥시 은행동 289-31번지 일원)
MKT-308,2026신축입주,시흥 은계 에피트(조합원 취소분),2026.10,24세대,90,미접촉,"얼음정수기, 비데, 공기청정기, 식세기",https://search.naver.com/search.naver?query=시흥 은계 에피트(조합원 취소분) 입주예정자협의회,신축 입주 예정자 (경기도 시흥시 은행동 289-31번지 일원)
MKT-309,2026신축입주,문수데시앙2단지 공가세대 일반공급,2026.10,22세대,90,미접촉,"얼음정수기, 비데, 공기청정기, 식세기",https://search.naver.com/search.naver?query=문수데시앙2단지 공가세대 일반공급 입주예정자협의회,신축 입주 예정자 (울산광역시 울주군 청량읍 율리영해2길 7 (문수데시앙 2단지 아파트))
MKT-310,2026신축입주,서신 더샵 비발디,2026.11,1225세대,99,미접촉,"얼음정수기, 비데, 공기청정기, 식세기",https://search.naver.com/search.naver?query=서신 더샵 비발디 입주예정자협의회,신축 입주 예정자 (전북특별자치도 전주시 완산구 서신동 40-4번지 일대)
MKT-311,2026신축입주,울산 다운2지구 우미린 더 시그니처 본청약,2026.11,1109세대,99,미접촉,"얼음정수기, 비데, 공기청정기, 식세기",https://search.naver.com/search.naver?query=울산 다운2지구 우미린 더 시그니처 본청약 입주예정자협의회,신축 입주 예정자 (울산광역시 울주군 범서읍 서사리 305번지 일원(울산 다운2지구 B-2BL))
MKT-312,2026신축입주,부산 에코델타시티 16블록 중흥S-클래스,2026.11,1067세대,99,미접촉,"얼음정수기, 비데, 공기청정기, 식세기",https://search.naver.com/search.naver?query=부산 에코델타시티 16블록 중흥S-클래스 입주예정자협의회,신축 입주 예정자 (부산광역시 강서구 강동동 에코델타시티 16BL)
MKT-313,2026신축입주,이천 중리지구 B3블록 금성백조 예미지,2026.11,1009세대,99,미접촉,"얼음정수기, 비데, 공기청정기, 식세기",https://search.naver.com/search.naver?query=이천 중리지구 B3블록 금성백조 예미지 입주예정자협의회,신축 입주 예정자 (경기도 이천시 중리지구 B3블록(중리동 518번지))
MKT-314,2026신축입주,평택 푸르지오 센터파인,2026.11,851세대,99,미접촉,"얼음정수기, 비데, 공기청정기, 식세기",https://search.naver.com/search.naver?query=평택 푸르지오 센터파인 입주예정자협의회,신축 입주 예정자 (경기도 평택시 현덕면 평택 화양지구 도시개발사업 9-2BL)
MKT-315,2026신축입주,영주자이 시그니처,2026.11,763세대,99,미접촉,"얼음정수기, 비데, 공기청정기, 식세기",https://search.naver.com/search.naver?query=영주자이 시그니처 입주예정자협의회,신축 입주 예정자 (경상북도 영주시 상망동 산78-1번지 일원)
MKT-316,2026신축입주,평택 화양 동문 디 이스트,2026.11,753세대,99,미접촉,"얼음정수기, 비데, 공기청정기, 식세기",https://search.naver.com/search.naver?query=평택 화양 동문 디 이스트 입주예정자협의회,신축 입주 예정자 (경기도 평택시 화양지구 6-2BL(경기도 평택시 현덕면 운정리 150-1번지 일원))
MKT-317,2026신축입주,의왕 센트라인 데시앙,2026.11,532세대,99,미접촉,"얼음정수기, 비데, 공기청정기, 식세기",https://search.naver.com/search.naver?query=의왕 센트라인 데시앙 입주예정자협의회,신축 입주 예정자 (경기도 의왕시 오전동 32-4번지)
MKT-318,2026신축입주,이천 중리지구 A-2블록 신안인스빌 퍼스티지,2026.11,523세대,99,미접촉,"얼음정수기, 비데, 공기청정기, 식세기",https://search.naver.com/search.naver?query=이천 중리지구 A-2블록 신안인스빌 퍼스티지 입주예정자협의회,신축 입주 예정자 (경기도 이천시 증일동 중리택지개발지구 A2블록)
MKT-319,2026신축입주,성남 복정1지구 B3블록(사전청약),2026.11,417세대,90,미접촉,"얼음정수기, 비데, 공기청정기, 식세기",https://search.naver.com/search.naver?query=성남 복정1지구 B3블록(사전청약) 입주예정자협의회,신축 입주 예정자 (경기도 성남시 수정구 복정1지구 B3BL)
MKT-320,2026신축입주,동래 반도 유보라,2026.11,400세대,90,미접촉,"얼음정수기, 비데, 공기청정기, 식세기",https://search.naver.com/search.naver?query=동래 반도 유보라 입주예정자협의회,신축 입주 예정자 (부산광역시 동래구 낙민동 76-1번지 일원)
MKT-321,2026신축입주,공주월송지구 경남아너스빌,2026.11,366세대,90,미접촉,"얼음정수기, 비데, 공기청정기, 식세기",https://search.naver.com/search.naver?query=공주월송지구 경남아너스빌 입주예정자협의회,신축 입주 예정자 (충청남도 공주시 월송동 671-1 (B-4BL))
MKT-322,2026신축입주,용인 에버랜드역 칸타빌,2026.11,348세대,90,미접촉,"얼음정수기, 비데, 공기청정기, 식세기",https://search.naver.com/search.naver?query=용인 에버랜드역 칸타빌 입주예정자협의회,신축 입주 예정자 (경기도 용인시 처인구 포곡읍 전대리 192-2외 5필지)
MKT-323,2026신축입주,관저 푸르지오 센트럴파크 2단지,2026.11,264세대,90,미접촉,"얼음정수기, 비데, 공기청정기, 식세기",https://search.naver.com/search.naver?query=관저 푸르지오 센트럴파크 2단지 입주예정자협의회,신축 입주 예정자 (대전광역시 서구 가수원동 산 16-119번지 일원 (계백지구 도시개발사업구역 공동주택용지 A2블럭))
MKT-324,2026신축입주,관저 푸르지오 센트럴파크 1단지,2026.11,264세대,90,미접촉,"얼음정수기, 비데, 공기청정기, 식세기",https://search.naver.com/search.naver?query=관저 푸르지오 센트럴파크 1단지 입주예정자협의회,신축 입주 예정자 (대전광역시 서구 관저동 7-27번지 일원 (계백지구 도시개발사업구역 공동주택용지 A1블럭))
MKT-325,2026신축입주,강릉자이르네 디오션,2026.11,228세대,90,미접촉,"얼음정수기, 비데, 공기청정기, 식세기",https://search.naver.com/search.naver?query=강릉자이르네 디오션 입주예정자협의회,신축 입주 예정자 (강원특별자치도 강릉시 송정동 산77-3번지 일원)
MKT-326,2026신축입주,e편한세상 번영로 리더스포레,2026.11,192세대,90,미접촉,"얼음정수기, 비데, 공기청정기, 식세기",https://search.naver.com/search.naver?query=e편한세상 번영로 리더스포레 입주예정자협의회,신축 입주 예정자 (울산광역시 남구 야음동 828-29번지 일원)
MKT-327,2026신축입주,청양 금성백조 예미지 퍼스트클래스,2026.11,182세대,90,미접촉,"얼음정수기, 비데, 공기청정기, 식세기",https://search.naver.com/search.naver?query=청양 금성백조 예미지 퍼스트클래스 입주예정자협의회,신축 입주 예정자 (충청남도 청양군 청양읍 읍내리 308-4번지)
MKT-328,2026신축입주,강변역 센트럴 아이파크,2026.11,68세대,90,미접촉,"얼음정수기, 비데, 공기청정기, 식세기",https://search.naver.com/search.naver?query=강변역 센트럴 아이파크 입주예정자협의회,신축 입주 예정자 (서울특별시 광진구 구의동 592-39번지 일원)
MKT-329,2026신축입주,홍대입구역 센트럴 아르떼 해모로,2026.11,52세대,90,미접촉,"얼음정수기, 비데, 공기청정기, 식세기",https://search.naver.com/search.naver?query=홍대입구역 센트럴 아르떼 해모로 입주예정자협의회,신축 입주 예정자 (서울특별시 마포구 동교동 200-2번지 일원)
MKT-330,2026신축입주,해링턴 마레,2026.12,1382세대,99,미접촉,"얼음정수기, 비데, 공기청정기, 식세기",https://search.naver.com/search.naver?query=해링턴 마레 입주예정자협의회,신축 입주 예정자 (부산광역시 남구 우암동 198-3번지 일원)
MKT-331,2026신축입주,인천 연희공원 호반써밋 파크에디션,2026.12,1370세대,99,미접촉,"얼음정수기, 비데, 공기청정기, 식세기",https://search.naver.com/search.naver?query=인천 연희공원 호반써밋 파크에디션 입주예정자협의회,신축 입주 예정자 (인천광역시 서구 연희동 166-10번지(외 70필지) 일원)
MKT-332,2026신축입주,고양 장항 제일풍경채,2026.12,1184세대,99,미접촉,"얼음정수기, 비데, 공기청정기, 식세기",https://search.naver.com/search.naver?query=고양 장항 제일풍경채 입주예정자협의회,신축 입주 예정자 (경기도 고양시 일산동구 장항동 658-65 일원(고양장항지구 B-1BL))
MKT-333,2026신축입주,더샵 탕정인피니티시티,2026.12,1140세대,99,미접촉,"얼음정수기, 비데, 공기청정기, 식세기",https://search.naver.com/search.naver?query=더샵 탕정인피니티시티 입주예정자협의회,신축 입주 예정자 (충청남도 아산시 아산탕정지구 도시개발구역 A4BL)
MKT-334,2026신축입주,보령 엘리체 헤리티지,2026.12,971세대,99,미접촉,"얼음정수기, 비데, 공기청정기, 식세기",https://search.naver.com/search.naver?query=보령 엘리체 헤리티지 입주예정자협의회,신축 입주 예정자 (충청남도 보령시 동대동 391번지외 62필지)
MKT-335,2026신축입주,힐스테이트 중외공원 2블록,2026.12,785세대,99,미접촉,"얼음정수기, 비데, 공기청정기, 식세기",https://search.naver.com/search.naver?query=힐스테이트 중외공원 2블록 입주예정자협의회,신축 입주 예정자 (광주광역시 북구 매곡동 산131-1번지 일원(중외근린공원))
MKT-336,2026신축입주,인천계양지구 A-2블록 공공분양주택(본청약),2026.12,747세대,99,미접촉,"얼음정수기, 비데, 공기청정기, 식세기",https://search.naver.com/search.naver?query=인천계양지구 A-2블록 공공분양주택(본청약) 입주예정자협의회,"신축 입주 예정자 (인천광역시 계양구 귤현동, 동양동, 박촌동, 병방동, 상야동 일원 인천계양테크노밸리 공공주택지구 내 A2블록)"
MKT-337,2026신축입주,군산 레이크시티 아이파크,2026.12,722세대,99,미접촉,"얼음정수기, 비데, 공기청정기, 식세기",https://search.naver.com/search.naver?query=군산 레이크시티 아이파크 입주예정자협의회,신축 입주 예정자 (전라북도 군산시 지곡동 산 137-1번지 일원)
MKT-338,2026신축입주,힐스테이트 중외공원 3블록,2026.12,681세대,99,미접촉,"얼음정수기, 비데, 공기청정기, 식세기",https://search.naver.com/search.naver?query=힐스테이트 중외공원 3블록 입주예정자협의회,신축 입주 예정자 (광주광역시 북구 매곡동 355번지 일원(중외근린공원))
MKT-339,2026신축입주,회천중앙역 로제비앙 그랜드센텀,2026.12,642세대,99,미접촉,"얼음정수기, 비데, 공기청정기, 식세기",https://search.naver.com/search.naver?query=회천중앙역 로제비앙 그랜드센텀 입주예정자협의회,신축 입주 예정자 (경기도 양주시 회정동 양주신도시 회천지구 A11블록)
MKT-340,2026신축입주,수원 당수지구 D3블록(사전청약),2026.12,593세대,99,미접촉,"얼음정수기, 비데, 공기청정기, 식세기",https://search.naver.com/search.naver?query=수원 당수지구 D3블록(사전청약) 입주예정자협의회,신축 입주 예정자 (경기도 수원시 권선구 수원당수 공공주택지구 내 D3BL)
MKT-341,2026신축입주,익산 부송 아이파크,2026.12,511세대,99,미접촉,"얼음정수기, 비데, 공기청정기, 식세기",https://search.naver.com/search.naver?query=익산 부송 아이파크 입주예정자협의회,신축 입주 예정자 (전북특별자치도 익산시 부송동 279번지 일원)
MKT-342,2026신축입주,e편한세상 서대전역 센트로,2026.12,495세대,90,미접촉,"얼음정수기, 비데, 공기청정기, 식세기",https://search.naver.com/search.naver?query=e편한세상 서대전역 센트로 입주예정자협의회,신축 입주 예정자 (대전광역시 중구 문화동 330번지 일원)
MKT-343,2026신축입주,인천 검단신도시 AB13블록 호반써밋Ⅲ(본청약),2026.12,492세대,90,미접촉,"얼음정수기, 비데, 공기청정기, 식세기",https://search.naver.com/search.naver?query=인천 검단신도시 AB13블록 호반써밋Ⅲ(본청약) 입주예정자협의회,신축 입주 예정자 (인천 검단신도시 AB13블록 (인천광역시 서구 원당동 1063-2 일원))
MKT-344,2026신축입주,영통역자이 프라시엘,2026.12,472세대,90,미접촉,"얼음정수기, 비데, 공기청정기, 식세기",https://search.naver.com/search.naver?query=영통역자이 프라시엘 입주예정자협의회,신축 입주 예정자 (경기도 용인시 기흥구 서천동 335-2번지 일원)
MKT-345,2026신축입주,위례 A2-7블록 신혼희망타운(공공분양) (본청약),2026.12,440세대,90,미접촉,"얼음정수기, 비데, 공기청정기, 식세기",https://search.naver.com/search.naver?query=위례 A2-7블록 신혼희망타운(공공분양) (본청약) 입주예정자협의회,신축 입주 예정자 (경기도 성남시 수정구 창곡동 위례 택지개발사업지구 내 A2-7블록)
MKT-346,2026신축입주,힐스테이트 가야 1단지,2026.12,406세대,90,미접촉,"얼음정수기, 비데, 공기청정기, 식세기",https://search.naver.com/search.naver?query=힐스테이트 가야 1단지 입주예정자협의회,신축 입주 예정자 (부산광역시 부산진구 가야동 197번지 일원)
MKT-347,2026신축입주,수원 당수지구 C3블록(사전청약),2026.12,385세대,90,미접촉,"얼음정수기, 비데, 공기청정기, 식세기",https://search.naver.com/search.naver?query=수원 당수지구 C3블록(사전청약) 입주예정자협의회,신축 입주 예정자 (경기도 수원시 권선구 수원당수 공공주택지구 내 C3BL)
MKT-348,2026신축입주,인천계양 A3블록 신혼희망타운(공공분양)(본청약),2026.12,359세대,90,미접촉,"얼음정수기, 비데, 공기청정기, 식세기",https://search.naver.com/search.naver?query=인천계양 A3블록 신혼희망타운(공공분양)(본청약) 입주예정자협의회,"신축 입주 예정자 (인천광역시 계양구 귤현동, 동양동, 박촌동, 병방동, 상야동 일원 인천계양 테크노밸리 공공주택지구내 A3블록)"
MKT-349,2026신축입주,효성해링턴 플레이스 군산,2026.12,275세대,90,미접촉,"얼음정수기, 비데, 공기청정기, 식세기",https://search.naver.com/search.naver?query=효성해링턴 플레이스 군산 입주예정자협의회,신축 입주 예정자 (전북특별자치도 군산시 경장동 504-4번지 일원)
MKT-350,2026신축입주,에코시티 한양수자인 디에스틴 주상복합,2026.12,268세대,90,미접촉,"얼음정수기, 비데, 공기청정기, 식세기",https://search.naver.com/search.naver?query=에코시티 한양수자인 디에스틴 주상복합 입주예정자협의회,신축 입주 예정자 (전라북도 전주시 덕진구 송천동 2가 1315번지 (전주에코시티 주상3BL))
MKT-351,2026신축입주,홍천 에듀포레 휴티스,2026.12,239세대,90,미접촉,"얼음정수기, 비데, 공기청정기, 식세기",https://search.naver.com/search.naver?query=홍천 에듀포레 휴티스 입주예정자협의회,신축 입주 예정자 (강원특별자치도 홍천군 홍천읍 갈마곡리 436-1 일원 및 희망리 38번지 일원)
MKT-352,2026신축입주,용현 우방 아이유쉘 센트럴마린,2026.12,196세대,90,미접촉,"얼음정수기, 비데, 공기청정기, 식세기",https://search.naver.com/search.naver?query=용현 우방 아이유쉘 센트럴마린 입주예정자협의회,신축 입주 예정자 (인천광역시 미추홀구 용현동 627-80번지)
MKT-353,2026신축입주,군산 세경아파트 우선분양전환 후 잔여세대,2026.12,153세대,90,미접촉,"얼음정수기, 비데, 공기청정기, 식세기",https://search.naver.com/search.naver?query=군산 세경아파트 우선분양전환 후 잔여세대 입주예정자협의회,"신축 입주 예정자 (전북특별자치도 군산시 양안로 123 (조촌동, 세경아파트))"
MKT-354,2026신축입주,힐스테이트 가야 2단지,2026.12,81세대,90,미접촉,"얼음정수기, 비데, 공기청정기, 식세기",https://search.naver.com/search.naver?query=힐스테이트 가야 2단지 입주예정자협의회,신축 입주 예정자 (부산광역시 부산진구 가야동 197-3번지 일원)
MKT-355,2026신축입주,두산위브 트레지움 월산,2026.12,71세대,90,미접촉,"얼음정수기, 비데, 공기청정기, 식세기",https://search.naver.com/search.naver?query=두산위브 트레지움 월산 입주예정자협의회,신축 입주 예정자 (광주광역시 남구 월산동 243-1번지 일원)
MKT-356,2026신축입주,하당 르파르크 시그니처,2026.12,70세대,90,미접촉,"얼음정수기, 비데, 공기청정기, 식세기",https://search.naver.com/search.naver?query=하당 르파르크 시그니처 입주예정자협의회,신축 입주 예정자 (전라남도 목포시 석현동 1175-11번지)
MKT-357,2026신축입주,위례 A2-7블록 신혼희망타운(공공분양) 잔여세대,2026.12,3세대,90,미접촉,"얼음정수기, 비데, 공기청정기, 식세기",https://search.naver.com/search.naver?query=위례 A2-7블록 신혼희망타운(공공분양) 잔여세대 입주예정자협의회,신축 입주 예정자 (경기도 성남시 수정구 창곡동 위례 택지개발사업지구 내 A2-7블록)
MKT-358,2026신축입주,지제역 반도체밸리 쌍용더플래티넘,2027.01,1340세대,99,미접촉,"얼음정수기, 비데, 공기청정기, 식세기",https://search.naver.com/search.naver?query=지제역 반도체밸리 쌍용더플래티넘 입주예정자협의회,신축 입주 예정자 (경기도 평택시 가재지구 도시개발사업 공동 1BL)
MKT-359,2026신축입주,평택 브레인시티 5BL 대광로제비앙 그랜드센텀,2027.01,1182세대,99,미접촉,"얼음정수기, 비데, 공기청정기, 식세기",https://search.naver.com/search.naver?query=평택 브레인시티 5BL 대광로제비앙 그랜드센텀 입주예정자협의회,신축 입주 예정자 (경기도 평택시 장안동 평택브레인시티 일반산업단지 공동5BL)
MKT-360,2026신축입주,신영지웰 푸르지오 테크노폴리스 센트럴,2027.01,1034세대,99,미접촉,"얼음정수기, 비데, 공기청정기, 식세기",https://search.naver.com/search.naver?query=신영지웰 푸르지오 테크노폴리스 센트럴 입주예정자협의회,신축 입주 예정자 (충청북도 청주시 흥덕구 송절동 산 4-2(일원))
MKT-361,2026신축입주,e편한세상 내포 퍼스트드림(선택형 분양전환공공임대주택),2027.01,949세대,99,미접촉,"얼음정수기, 비데, 공기청정기, 식세기",https://search.naver.com/search.naver?query=e편한세상 내포 퍼스트드림(선택형 분양전환공공임대주택) 입주예정자협의회,신축 입주 예정자 (충남 내포신도시 RH16BL(충청남도 홍성군 홍북읍 신경리 1207일원))
MKT-362,2026신축입주,청주 가경 아이파크 6단지,2027.01,946세대,99,미접촉,"얼음정수기, 비데, 공기청정기, 식세기",https://search.naver.com/search.naver?query=청주 가경 아이파크 6단지 입주예정자협의회,신축 입주 예정자 (충청북도 청주시 흥덕구 가경동 330번지 일대)
MKT-363,2026신축입주,위파크 안동 호반,2027.01,820세대,99,미접촉,"얼음정수기, 비데, 공기청정기, 식세기",https://search.naver.com/search.naver?query=위파크 안동 호반 입주예정자협의회,신축 입주 예정자 (경상북도 안동시 옥동 산 70번지 일원)
MKT-364,2026신축입주,더샵 광양레이크센텀 (1회차),2027.01,717세대,99,미접촉,"얼음정수기, 비데, 공기청정기, 식세기",https://search.naver.com/search.naver?query=더샵 광양레이크센텀 (1회차) 입주예정자협의회,신축 입주 예정자 (전라남도 광양시 마동 348-4번지 일원)
MKT-365,2026신축입주,에코시티 더샵4차,2027.01,576세대,99,미접촉,"얼음정수기, 비데, 공기청정기, 식세기",https://search.naver.com/search.naver?query=에코시티 더샵4차 입주예정자협의회,신축 입주 예정자 (전북특별자치도 전주시 덕진구 송천동2가 1317)
MKT-366,2026신축입주,광주 선운2지구 예다음(사전청약),2027.01,505세대,99,미접촉,"얼음정수기, 비데, 공기청정기, 식세기",https://search.naver.com/search.naver?query=광주 선운2지구 예다음(사전청약) 입주예정자협의회,신축 입주 예정자 (광주광역시 광산구 운수동 선운2지구 B-2BL)
MKT-367,2026신축입주,더샵 광양레이크센텀 (2회차),2027.01,208세대,90,미접촉,"얼음정수기, 비데, 공기청정기, 식세기",https://search.naver.com/search.naver?query=더샵 광양레이크센텀 (2회차) 입주예정자협의회,신축 입주 예정자 (전라남도 광양시 마동 348-4번지 일원)
MKT-368,2026신축입주,부천아테라자이(부천괴안지구 B-2블록),2027.01,200세대,90,미접촉,"얼음정수기, 비데, 공기청정기, 식세기",https://search.naver.com/search.naver?query=부천아테라자이(부천괴안지구 B-2블록) 입주예정자협의회,신축 입주 예정자 (경기도 부천시 소사구 괴안동 부천괴안 공공주택지구 B2블록)
MKT-369,2026신축입주,울산 우정 한라비발디,2027.01,198세대,90,미접촉,"얼음정수기, 비데, 공기청정기, 식세기",https://search.naver.com/search.naver?query=울산 우정 한라비발디 입주예정자협의회,신축 입주 예정자 (울산광역시 중구 우정동 274-85번지 일원)
MKT-370,2026신축입주,울산 우정 에피트(조합원 취소분),2027.01,55세대,90,미접촉,"얼음정수기, 비데, 공기청정기, 식세기",https://search.naver.com/search.naver?query=울산 우정 에피트(조합원 취소분) 입주예정자협의회,신축 입주 예정자 (울산광역시 중구 우정동 274-85번지 일원)
MKT-371,2026신축입주,PH159,2027.01,49세대,90,미접촉,"얼음정수기, 비데, 공기청정기, 식세기",https://search.naver.com/search.naver?query=PH159 입주예정자협의회,신축 입주 예정자 (제주특별자치도 제주시 조천읍 북촌리 1938번지 외 2필지)
MKT-372,2026신축입주,선화동 참좋은아파트 우선분양전환 후 잔여세대(2차),2027.01,2세대,90,미접촉,"얼음정수기, 비데, 공기청정기, 식세기",https://search.naver.com/search.naver?query=선화동 참좋은아파트 우선분양전환 후 잔여세대(2차) 입주예정자협의회,"신축 입주 예정자 (대전광역시 중구 선화동 83-1 (선화동, 참좋은아파트))"
MKT-373,2026신축입주,평택 브레인시티 중흥S-클래스,2027.02,1980세대,99,미접촉,"얼음정수기, 비데, 공기청정기, 식세기",https://search.naver.com/search.naver?query=평택 브레인시티 중흥S-클래스 입주예정자협의회,신축 입주 예정자 (경기도 평택시 장안동 평택브레인시티 일반산업단지 공동1BL)
MKT-374,2026신축입주,지제역 반도체밸리 해링턴 플레이스,2027.02,1209세대,99,미접촉,"얼음정수기, 비데, 공기청정기, 식세기",https://search.naver.com/search.naver?query=지제역 반도체밸리 해링턴 플레이스 입주예정자협의회,신축 입주 예정자 (경기도 평택시 가재지구 도시개발사업 공동 3BL (가재동))
MKT-375,2026신축입주,배방 필하우스 리버시티,2027.02,1083세대,99,미접촉,"얼음정수기, 비데, 공기청정기, 식세기",https://search.naver.com/search.naver?query=배방 필하우스 리버시티 입주예정자협의회,"신축 입주 예정자 (충청남도 아산시 배방읍 북수리 1577,1578번지)"
MKT-376,2026신축입주,더샵 탕정인피니티시티 2차,2027.02,1050세대,99,미접촉,"얼음정수기, 비데, 공기청정기, 식세기",https://search.naver.com/search.naver?query=더샵 탕정인피니티시티 2차 입주예정자협의회,신축 입주 예정자 (충청남도 아산시 아산탕정지구 도시개발구역 A3BL)
MKT-377,2026신축입주,제일풍경채 검단Ⅳ,2027.02,1048세대,99,미접촉,"얼음정수기, 비데, 공기청정기, 식세기",https://search.naver.com/search.naver?query=제일풍경채 검단Ⅳ 입주예정자협의회,신축 입주 예정자 (인천광역시 서구 불로동 검단신도시 AA22BL)
MKT-378,2026신축입주,"인천 영종국제도시 RC4-1,2BL 주상복합 (사전청약)",2027.02,868세대,99,미접촉,"얼음정수기, 비데, 공기청정기, 식세기","https://search.naver.com/search.naver?query=인천 영종국제도시 RC4-1,2BL 주상복합 (사전청약) 입주예정자협의회","신축 입주 예정자 (인천광역시 중구 중산동 RC4-1,2BL)"
MKT-379,2026신축입주,힐스테이트 선화 더와이즈,2027.02,851세대,99,미접촉,"얼음정수기, 비데, 공기청정기, 식세기",https://search.naver.com/search.naver?query=힐스테이트 선화 더와이즈 입주예정자협의회,신축 입주 예정자 (대전광역시 중구 선화동 85-1번지 일원)
MKT-380,2026신축입주,청계리버뷰자이,2027.02,797세대,99,미접촉,"얼음정수기, 비데, 공기청정기, 식세기",https://search.naver.com/search.naver?query=청계리버뷰자이 입주예정자협의회,신축 입주 예정자 (서울특별시 성동구 용답동 108-1번지 일원)
MKT-381,2026신축입주,검단아테라자이,2027.02,709세대,99,미접촉,"얼음정수기, 비데, 공기청정기, 식세기",https://search.naver.com/search.naver?query=검단아테라자이 입주예정자협의회,신축 입주 예정자 (인천검단시 서구 불로동 484-3번지 일대(검단신도시 AB21-1BL))
MKT-382,2026신축입주,오산세교 힐데스하임(A20블록)(본청약),2027.02,679세대,99,미접촉,"얼음정수기, 비데, 공기청정기, 식세기",https://search.naver.com/search.naver?query=오산세교 힐데스하임(A20블록)(본청약) 입주예정자협의회,신축 입주 예정자 (경기도 오산시 벌음동 149 일원(오산세교2지구 A20블록))
MKT-383,2026신축입주,진위역 서희스타힐스 더 파크뷰,2027.02,639세대,99,미접촉,"얼음정수기, 비데, 공기청정기, 식세기",https://search.naver.com/search.naver?query=진위역 서희스타힐스 더 파크뷰 입주예정자협의회,신축 입주 예정자 (경기도 평택시 진위면 갈곶리 239-60번지 일원)
MKT-384,2026신축입주,부산장안지구 디에트르 디 오션(B3BL) 본청약,2027.02,489세대,90,미접촉,"얼음정수기, 비데, 공기청정기, 식세기",https://search.naver.com/search.naver?query=부산장안지구 디에트르 디 오션(B3BL) 본청약 입주예정자협의회,신축 입주 예정자 (부산광역시 기장군 장안지구 B-3블록(부산광역시 기장군 장안읍 좌천리 361-4일원))
MKT-385,2026신축입주,달서자이 제니크,2027.02,360세대,90,미접촉,"얼음정수기, 비데, 공기청정기, 식세기",https://search.naver.com/search.naver?query=달서자이 제니크 입주예정자협의회,신축 입주 예정자 (대구광역시 달서구 본리동 661-9번지 일원)
MKT-386,2026신축입주,더샵 금정위버시티,2027.02,308세대,90,미접촉,"얼음정수기, 비데, 공기청정기, 식세기",https://search.naver.com/search.naver?query=더샵 금정위버시티 입주예정자협의회,신축 입주 예정자 (부산광역시 금정구 부곡동 200-1번지 일원)
MKT-387,2026신축입주,힐스테이트 문수로 센트럴 2단지,2027.02,301세대,90,미접촉,"얼음정수기, 비데, 공기청정기, 식세기",https://search.naver.com/search.naver?query=힐스테이트 문수로 센트럴 2단지 입주예정자협의회,신축 입주 예정자 (울산광역시 남구 신정동 636-1번지 일원)
MKT-388,2026신축입주,힐스테이트 문수로 센트럴 1단지,2027.02,301세대,90,미접촉,"얼음정수기, 비데, 공기청정기, 식세기",https://search.naver.com/search.naver?query=힐스테이트 문수로 센트럴 1단지 입주예정자협의회,신축 입주 예정자 (울산광역시 남구 신정동 638-1번지 일원)
MKT-389,2026신축입주,서광교 한라비발디 레이크포레,2027.02,285세대,90,미접촉,"얼음정수기, 비데, 공기청정기, 식세기",https://search.naver.com/search.naver?query=서광교 한라비발디 레이크포레 입주예정자협의회,신축 입주 예정자 (경기도 수원시 장안구 연무동 58-1번지 일원)
MKT-390,2026신축입주,원주 모아엘가 그랑데,2027.02,281세대,90,미접촉,"얼음정수기, 비데, 공기청정기, 식세기",https://search.naver.com/search.naver?query=원주 모아엘가 그랑데 입주예정자협의회,신축 입주 예정자 (강원특별자치도 원주시 단구동 531-8번지 일원)
MKT-391,2026신축입주,더폴 울산신정,2027.02,168세대,90,미접촉,"얼음정수기, 비데, 공기청정기, 식세기",https://search.naver.com/search.naver?query=더폴 울산신정 입주예정자협의회,신축 입주 예정자 (울산광역시 남구 신정동 1133-14 외 11필지)
MKT-392,2026신축입주,동래 에코팰리스 아시아드,2027.02,160세대,90,미접촉,"얼음정수기, 비데, 공기청정기, 식세기",https://search.naver.com/search.naver?query=동래 에코팰리스 아시아드 입주예정자협의회,신축 입주 예정자 (부산광역시 동래구 온천동 1248-10)
MKT-393,2026신축입주,성남 금토지구 A-3블록 판교테크노밸리 중흥S-클래스(본청약),2027.02,119세대,90,미접촉,"얼음정수기, 비데, 공기청정기, 식세기",https://search.naver.com/search.naver?query=성남 금토지구 A-3블록 판교테크노밸리 중흥S-클래스(본청약) 입주예정자협의회,신축 입주 예정자 (경기도 성남시 수정구 금토동 금토지구 A-3BL)
MKT-394,2026신축입주,진위역 서희스타힐스 더 파크뷰,2027.02,82세대,90,미접촉,"얼음정수기, 비데, 공기청정기, 식세기",https://search.naver.com/search.naver?query=진위역 서희스타힐스 더 파크뷰 입주예정자협의회,신축 입주 예정자 (경기도 평택시 진위면 갈곶리 239-60번지 일원)
MKT-395,2026신축입주,진위역 서희스타힐스 더 파크뷰(3차),2027.02,53세대,90,미접촉,"얼음정수기, 비데, 공기청정기, 식세기",https://search.naver.com/search.naver?query=진위역 서희스타힐스 더 파크뷰(3차) 입주예정자협의회,신축 입주 예정자 (경기도 평택시 진위면 갈곶리 239-60번지 일원)
MKT-396,2026신축입주,더샵 금정위버시티(조합원 취소분),2027.02,30세대,90,미접촉,"얼음정수기, 비데, 공기청정기, 식세기",https://search.naver.com/search.naver?query=더샵 금정위버시티(조합원 취소분) 입주예정자협의회,신축 입주 예정자 (부산광역시 금정구 부곡동 200-1번지 일원)
MKT-397,2026신축입주,구미 그랑포레 데시앙,2027.03,1350세대,99,미접촉,"얼음정수기, 비데, 공기청정기, 식세기",https://search.naver.com/search.naver?query=구미 그랑포레 데시앙 입주예정자협의회,신축 입주 예정자 (경상북도 구미시 도량동 산40-4번지 일원)
MKT-398,2026신축입주,일광 노르웨이숲 오션포레,2027.03,1294세대,99,미접촉,"얼음정수기, 비데, 공기청정기, 식세기",https://search.naver.com/search.naver?query=일광 노르웨이숲 오션포레 입주예정자협의회,신축 입주 예정자 (부산광역시 기장군 일광읍 이천리 720-2번지 일원)
MKT-399,2026신축입주,안성당왕 경남아너스빌 하이스트,2027.03,976세대,99,미접촉,"얼음정수기, 비데, 공기청정기, 식세기",https://search.naver.com/search.naver?query=안성당왕 경남아너스빌 하이스트 입주예정자협의회,신축 입주 예정자 (경기도 안성시 안성당왕지구 B-1블록 공동주택용지)
MKT-400,2026신축입주,푸르지오 라디우스 파크,2027.03,718세대,99,미접촉,"얼음정수기, 비데, 공기청정기, 식세기",https://search.naver.com/search.naver?query=푸르지오 라디우스 파크 입주예정자협의회,신축 입주 예정자 (서울특별시 성북구 장위동 25-55번지 일대)
MKT-401,2026신축입주,김제 검산 예다음,2027.03,648세대,99,미접촉,"얼음정수기, 비데, 공기청정기, 식세기",https://search.naver.com/search.naver?query=김제 검산 예다음 입주예정자협의회,신축 입주 예정자 (전북특별자치도 김제시 검산동 510-7번지 일원)
MKT-402,2026신축입주,영통자이 센트럴파크,2027.03,580세대,99,미접촉,"얼음정수기, 비데, 공기청정기, 식세기",https://search.naver.com/search.naver?query=영통자이 센트럴파크 입주예정자협의회,신축 입주 예정자 (경기도 수원시 영통구 영통동 961-11번지)
MKT-403,2026신축입주,두산위브더제니스 센트럴 용인,2027.03,568세대,99,미접촉,"얼음정수기, 비데, 공기청정기, 식세기",https://search.naver.com/search.naver?query=두산위브더제니스 센트럴 용인 입주예정자협의회,신축 입주 예정자 (경기도 용인시 처인구 삼가동 174번지 일원)
MKT-404,2026신축입주,도마 포레나해모로,2027.03,568세대,99,미접촉,"얼음정수기, 비데, 공기청정기, 식세기",https://search.naver.com/search.naver?query=도마 포레나해모로 입주예정자협의회,신축 입주 예정자 (대전광역시 서구 도마동 181-1번지 일원)
MKT-405,2026신축입주,양정 롯데캐슬 프론티엘,2027.03,489세대,90,미접촉,"얼음정수기, 비데, 공기청정기, 식세기",https://search.naver.com/search.naver?query=양정 롯데캐슬 프론티엘 입주예정자협의회,신축 입주 예정자 (부산광역시 부산진구 양정동 64-3번지 일원)
MKT-406,2026신축입주,마포자이힐스테이트 라첼스,2027.03,463세대,90,미접촉,"얼음정수기, 비데, 공기청정기, 식세기",https://search.naver.com/search.naver?query=마포자이힐스테이트 라첼스 입주예정자협의회,신축 입주 예정자 (서울특별시 마포구 공덕동 105-84 일원)
MKT-407,2026신축입주,양평 하늘채 센트로힐스,2027.03,200세대,90,미접촉,"얼음정수기, 비데, 공기청정기, 식세기",https://search.naver.com/search.naver?query=양평 하늘채 센트로힐스 입주예정자협의회,신축 입주 예정자 (경기도 양평군 양평읍 덕평리 661-7 일원)
MKT-408,2026신축입주,신제주 동문디이스트 시그니처원Ⅰ,2027.03,182세대,90,미접촉,"얼음정수기, 비데, 공기청정기, 식세기",https://search.naver.com/search.naver?query=신제주 동문디이스트 시그니처원Ⅰ 입주예정자협의회,신축 입주 예정자 (제주특별자치도 제주시 연동 274-12번지외 4필지)
MKT-409,2026신축입주,역북 서희스타힐스 프라임시티,2027.03,134세대,90,미접촉,"얼음정수기, 비데, 공기청정기, 식세기",https://search.naver.com/search.naver?query=역북 서희스타힐스 프라임시티 입주예정자협의회,신축 입주 예정자 (경기도 용인시 처인구 역북동 89-25번지 일원)
MKT-410,2026신축입주,마포 푸르지오 어반피스,2027.03,122세대,90,미접촉,"얼음정수기, 비데, 공기청정기, 식세기",https://search.naver.com/search.naver?query=마포 푸르지오 어반피스 입주예정자협의회,신축 입주 예정자 (서울특별시 마포구 아현동 613-10번지 일원)
MKT-411,2026신축입주,더 플래티넘 센트럴포레,2027.03,112세대,90,미접촉,"얼음정수기, 비데, 공기청정기, 식세기",https://search.naver.com/search.naver?query=더 플래티넘 센트럴포레 입주예정자협의회,신축 입주 예정자 (경기도 양주시 삼숭동 187-47번지 일원)
MKT-412,2026신축입주,e편한세상 일산 메이포레 1단지,2027.03,112세대,90,미접촉,"얼음정수기, 비데, 공기청정기, 식세기",https://search.naver.com/search.naver?query=e편한세상 일산 메이포레 1단지 입주예정자협의회,신축 입주 예정자 (경기도 고양시 일산동구 풍동 822번지 일원)
MKT-413,2026신축입주,이촌 르엘,2027.03,88세대,90,미접촉,"얼음정수기, 비데, 공기청정기, 식세기",https://search.naver.com/search.naver?query=이촌 르엘 입주예정자협의회,신축 입주 예정자 (서울특별시 용산구 이촌동 301-160 일원)
MKT-414,2026신축입주,e편한세상 일산 메이포레 3단지,2027.03,35세대,90,미접촉,"얼음정수기, 비데, 공기청정기, 식세기",https://search.naver.com/search.naver?query=e편한세상 일산 메이포레 3단지 입주예정자협의회,신축 입주 예정자 (경기도 고양시 일산동구 풍동 852번지 일원)
MKT-415,2026신축입주,역북 서희스타힐스 프라임시티(조합원 취소분),2027.03,5세대,90,미접촉,"얼음정수기, 비데, 공기청정기, 식세기",https://search.naver.com/search.naver?query=역북 서희스타힐스 프라임시티(조합원 취소분) 입주예정자협의회,신축 입주 예정자 (경기도 용인시 처인구 역북동 89-25번지 일원)
MKT-416,2026신축입주,대연 디아이엘,2027.04,2382세대,99,미접촉,"얼음정수기, 비데, 공기청정기, 식세기",https://search.naver.com/search.naver?query=대연 디아이엘 입주예정자협의회,신축 입주 예정자 (부산광역시 남구 대연동 1619번지 일원)
MKT-417,2026신축입주,신영지웰 평택화양,2027.04,999세대,99,미접촉,"얼음정수기, 비데, 공기청정기, 식세기",https://search.naver.com/search.naver?query=신영지웰 평택화양 입주예정자협의회,신축 입주 예정자 (경기도 평택시 화양지구 도시개발사업 9-1BL(경기도 평택시 현덕면 화양리 785번지 일원))
MKT-418,2026신축입주,힐스테이트 죽림더프라우드 A2BL(공공분양주택),2027.04,802세대,99,미접촉,"얼음정수기, 비데, 공기청정기, 식세기",https://search.naver.com/search.naver?query=힐스테이트 죽림더프라우드 A2BL(공공분양주택) 입주예정자협의회,신축 입주 예정자 (전라남도 여수시 죽림1지구 내 A2BL)
MKT-419,2026신축입주,제주 중부공원 제일풍경채 센트럴파크,2027.04,653세대,99,미접촉,"얼음정수기, 비데, 공기청정기, 식세기",https://search.naver.com/search.naver?query=제주 중부공원 제일풍경채 센트럴파크 입주예정자협의회,신축 입주 예정자 (제주특별자치도 제주시 건입동 167번지)
MKT-420,2026신축입주,이천자이 더 레브,2027.04,635세대,99,미접촉,"얼음정수기, 비데, 공기청정기, 식세기",https://search.naver.com/search.naver?query=이천자이 더 레브 입주예정자협의회,신축 입주 예정자 (경기도 이천시 송정동 산31번지 일원)
MKT-421,2026신축입주,김해 삼계 푸르지오 센트럴파크,2027.04,630세대,99,미접촉,"얼음정수기, 비데, 공기청정기, 식세기",https://search.naver.com/search.naver?query=김해 삼계 푸르지오 센트럴파크 입주예정자협의회,신축 입주 예정자 (경상남도 김해시 삼계동 1027-3번지 일원)
MKT-422,2026신축입주,휴먼빌 일산 클래스원,2027.04,529세대,99,미접촉,"얼음정수기, 비데, 공기청정기, 식세기",https://search.naver.com/search.naver?query=휴먼빌 일산 클래스원 입주예정자협의회,신축 입주 예정자 (경기도 고양시 일산동구 식사동 1110번지 일원(고양 풍동 2지구 3블럭))
MKT-423,2026신축입주,제일풍경채 운정,2027.04,520세대,99,미접촉,"얼음정수기, 비데, 공기청정기, 식세기",https://search.naver.com/search.naver?query=제일풍경채 운정 입주예정자협의회,신축 입주 예정자 (경기도 파주시 운정3지구 A45블록(경기도 파주시 목동동 363번지 일원))
MKT-424,2026신축입주,창경궁 롯데캐슬 시그니처,2027.04,509세대,99,미접촉,"얼음정수기, 비데, 공기청정기, 식세기",https://search.naver.com/search.naver?query=창경궁 롯데캐슬 시그니처 입주예정자협의회,신축 입주 예정자 (서울특별시 성북구 삼선동2가 296번지 일원)
MKT-425,2026신축입주,힐스테이트 구미더퍼스트,2027.04,491세대,90,미접촉,"얼음정수기, 비데, 공기청정기, 식세기",https://search.naver.com/search.naver?query=힐스테이트 구미더퍼스트 입주예정자협의회,신축 입주 예정자 (경상북도 구미시 봉곡동 59-1번지 일원)
MKT-426,2026신축입주,괴산 미니복합타운 A2BL 대광로제비앙 (사전청약),2027.04,355세대,90,미접촉,"얼음정수기, 비데, 공기청정기, 식세기",https://search.naver.com/search.naver?query=괴산 미니복합타운 A2BL 대광로제비앙 (사전청약) 입주예정자협의회,신축 입주 예정자 (충청북도 괴산군 괴산읍 대사리 괴산미니복합타운 A2BL)
MKT-427,2026신축입주,힐스테이트 죽림더프라우드 A4BL(공공분양주택),2027.04,341세대,90,미접촉,"얼음정수기, 비데, 공기청정기, 식세기",https://search.naver.com/search.naver?query=힐스테이트 죽림더프라우드 A4BL(공공분양주택) 입주예정자협의회,신축 입주 예정자 (전라남도 여수시 죽림1지구 내 A4BL)
MKT-428,2026신축입주,강릉 아테라,2027.04,329세대,90,미접촉,"얼음정수기, 비데, 공기청정기, 식세기",https://search.naver.com/search.naver?query=강릉 아테라 입주예정자협의회,신축 입주 예정자 (강원특별자치도 강릉시 회산동 536번지 일원)
MKT-429,2026신축입주,강릉 유블레스 리센트,2027.04,226세대,90,미접촉,"얼음정수기, 비데, 공기청정기, 식세기",https://search.naver.com/search.naver?query=강릉 유블레스 리센트 입주예정자협의회,"신축 입주 예정자 (강원특별자치도 강릉시 포남동 1153, 1153-2번지 일원)"
MKT-430,2026신축입주,검단 스타힐스 가현숲,2027.04,153세대,90,미접촉,"얼음정수기, 비데, 공기청정기, 식세기",https://search.naver.com/search.naver?query=검단 스타힐스 가현숲 입주예정자협의회,신축 입주 예정자 (인천광역시 서구 마전동 1158-12번지 외 8필지)
MKT-431,2026신축입주,힐스테이트 죽림더프라우드 A2BL(민영주택),2027.04,129세대,90,미접촉,"얼음정수기, 비데, 공기청정기, 식세기",https://search.naver.com/search.naver?query=힐스테이트 죽림더프라우드 A2BL(민영주택) 입주예정자협의회,신축 입주 예정자 (전라남도 여수시 죽림1지구 내 A2BL)
MKT-432,2026신축입주,더샵 분당센트로,2027.04,84세대,90,미접촉,"얼음정수기, 비데, 공기청정기, 식세기",https://search.naver.com/search.naver?query=더샵 분당센트로 입주예정자협의회,신축 입주 예정자 (경기도 성남시 분당구 미금로 66)
MKT-433,2026신축입주,부산에코델타시티 디에트르 그랑루체(13BL),2027.05,1470세대,99,미접촉,"얼음정수기, 비데, 공기청정기, 식세기",https://search.naver.com/search.naver?query=부산에코델타시티 디에트르 그랑루체(13BL) 입주예정자협의회,신축 입주 예정자 (부산광역시 강서구 에코델타시티 공동주택용지 13BL)
MKT-434,2026신축입주,천안 일봉공원 호반써밋 센트럴파크(2BL),2027.05,1284세대,99,미접촉,"얼음정수기, 비데, 공기청정기, 식세기",https://search.naver.com/search.naver?query=천안 일봉공원 호반써밋 센트럴파크(2BL) 입주예정자협의회,신축 입주 예정자 (충청남도 천안시 동남구 용곡동 474-18번지 일원)
MKT-435,2026신축입주,고덕국제신도시 서한이다음 그레이튼,2027.05,1138세대,99,미접촉,"얼음정수기, 비데, 공기청정기, 식세기",https://search.naver.com/search.naver?query=고덕국제신도시 서한이다음 그레이튼 입주예정자협의회,신축 입주 예정자 (경기도 평택시 고덕동 2394-2)
MKT-436,2026신축입주,봉산공원 첨단 제일풍경채,2027.05,948세대,99,미접촉,"얼음정수기, 비데, 공기청정기, 식세기",https://search.naver.com/search.naver?query=봉산공원 첨단 제일풍경채 입주예정자협의회,신축 입주 예정자 (광주광역시 광산구 산월동 산 22번지 일원)
MKT-437,2026신축입주,계룡 펠리피아,2027.05,823세대,99,미접촉,"얼음정수기, 비데, 공기청정기, 식세기",https://search.naver.com/search.naver?query=계룡 펠리피아 입주예정자협의회,신축 입주 예정자 (충청남도 계룡시 엄사면 엄사리 418-8번지 일원)
MKT-438,2026신축입주,고양 장항 아테라,2027.05,760세대,99,미접촉,"얼음정수기, 비데, 공기청정기, 식세기",https://search.naver.com/search.naver?query=고양 장항 아테라 입주예정자협의회,신축 입주 예정자 (경기도 고양시 일산동구 장항동 529-26번지)
MKT-439,2026신축입주,과천 디에트르 퍼스티지(S2BL),2027.05,740세대,99,미접촉,"얼음정수기, 비데, 공기청정기, 식세기",https://search.naver.com/search.naver?query=과천 디에트르 퍼스티지(S2BL) 입주예정자협의회,신축 입주 예정자 (경기도 과천시 지식정보타운 공공주택지구 S2BL)
MKT-440,2026신축입주,힐스테이트 광주곤지암역,2027.05,635세대,99,미접촉,"얼음정수기, 비데, 공기청정기, 식세기",https://search.naver.com/search.naver?query=힐스테이트 광주곤지암역 입주예정자협의회,신축 입주 예정자 (경기도 광주시 곤지암읍 신대리 25번지)
MKT-441,2026신축입주,두산위브더제니스 센트럴 계양,2027.05,620세대,99,미접촉,"얼음정수기, 비데, 공기청정기, 식세기",https://search.naver.com/search.naver?query=두산위브더제니스 센트럴 계양 입주예정자협의회,신축 입주 예정자 (인천광역시 계양구 작전동 439-7번지 일원)
MKT-442,2026신축입주,영종 진아레히,2027.05,547세대,99,미접촉,"얼음정수기, 비데, 공기청정기, 식세기",https://search.naver.com/search.naver?query=영종 진아레히 입주예정자협의회,신축 입주 예정자 (인천광역시 중구 운남동 1654-1번지 (영종하늘도시A23BL))
MKT-443,2026신축입주,부여 골드클래스,2027.05,413세대,90,미접촉,"얼음정수기, 비데, 공기청정기, 식세기",https://search.naver.com/search.naver?query=부여 골드클래스 입주예정자협의회,신축 입주 예정자 (충청남도 부여군 부여읍 쌍북리 595번지 일원)
MKT-444,2026신축입주,파주 운정3지구 주상복합용지 1BL(사전청약),2027.05,392세대,90,미접촉,"얼음정수기, 비데, 공기청정기, 식세기",https://search.naver.com/search.naver?query=파주 운정3지구 주상복합용지 1BL(사전청약) 입주예정자협의회,신축 입주 예정자 (경기도 파주시 동패동 산110 일원)
MKT-445,2026신축입주,곤지암역 센트럴 아이파크,2027.05,347세대,90,미접촉,"얼음정수기, 비데, 공기청정기, 식세기",https://search.naver.com/search.naver?query=곤지암역 센트럴 아이파크 입주예정자협의회,신축 입주 예정자 (경기도 광주시 곤지암읍 곤지암리 637번지)
MKT-446,2026신축입주,파주 운정3지구 주상복합용지 6BL (사전청약),2027.05,340세대,90,미접촉,"얼음정수기, 비데, 공기청정기, 식세기",https://search.naver.com/search.naver?query=파주 운정3지구 주상복합용지 6BL (사전청약) 입주예정자협의회,신축 입주 예정자 (경기도 파주시 동패동 산115-1번지 일원)
MKT-447,2026신축입주,쌍용 더 플래티넘 네이처,2027.05,334세대,90,미접촉,"얼음정수기, 비데, 공기청정기, 식세기",https://search.naver.com/search.naver?query=쌍용 더 플래티넘 네이처 입주예정자협의회,신축 입주 예정자 (대전광역시 대덕구 읍내동 51-9번지 (읍내동))
MKT-448,2026신축입주,파주 운정3지구 주상복합용지 5BL (사전청약),2027.05,332세대,90,미접촉,"얼음정수기, 비데, 공기청정기, 식세기",https://search.naver.com/search.naver?query=파주 운정3지구 주상복합용지 5BL (사전청약) 입주예정자협의회,신축 입주 예정자 (경기도 파주시 동패동 산80-1번지 일원)
MKT-449,2026신축입주,원종 휴먼빌 클라츠,2027.05,255세대,90,미접촉,"얼음정수기, 비데, 공기청정기, 식세기",https://search.naver.com/search.naver?query=원종 휴먼빌 클라츠 입주예정자협의회,신축 입주 예정자 (경기도 부천시 오정구 부천원종 공공주택지구 B1블럭)
MKT-450,2026신축입주,파주 운정3지구 주상복합용지 2BL (사전청약),2027.05,250세대,90,미접촉,"얼음정수기, 비데, 공기청정기, 식세기",https://search.naver.com/search.naver?query=파주 운정3지구 주상복합용지 2BL (사전청약) 입주예정자협의회,신축 입주 예정자 (경기도 파주시 동패동 산110 일원)
MKT-451,2026신축입주,더샵 시에르네,2027.05,231세대,90,미접촉,"얼음정수기, 비데, 공기청정기, 식세기",https://search.naver.com/search.naver?query=더샵 시에르네 입주예정자협의회,신축 입주 예정자 (울산광역시 중구 학성동 397-1번지 일원)
MKT-452,2026신축입주,나주영산 윤슬의아침 더정원,2027.05,140세대,90,미접촉,"얼음정수기, 비데, 공기청정기, 식세기",https://search.naver.com/search.naver?query=나주영산 윤슬의아침 더정원 입주예정자협의회,신축 입주 예정자 (전라남도 나주시 이창동 714 일대)
MKT-453,2026신축입주,전주 에코시티 더 클래스,2027.05,48세대,90,미접촉,"얼음정수기, 비데, 공기청정기, 식세기",https://search.naver.com/search.naver?query=전주 에코시티 더 클래스 입주예정자협의회,신축 입주 예정자 (전북특별자치도 전주시 덕진구 호성동2가 801-31번지 일원)
MKT-454,2026신축입주,더샵 시에르네(조합원 취소분),2027.05,36세대,90,미접촉,"얼음정수기, 비데, 공기청정기, 식세기",https://search.naver.com/search.naver?query=더샵 시에르네(조합원 취소분) 입주예정자협의회,신축 입주 예정자 (울산광역시 중구 학성동 397-1번지 일원)
MKT-455,2026신축입주,힐스테이트 어울림 청주사직,2027.06,1675세대,99,미접촉,"얼음정수기, 비데, 공기청정기, 식세기",https://search.naver.com/search.naver?query=힐스테이트 어울림 청주사직 입주예정자협의회,신축 입주 예정자 (충청북도 청주시 서원구 사직동 215-8번지 일대)
MKT-456,2026신축입주,힐스테이트 가장더퍼스트,2027.06,1339세대,99,미접촉,"얼음정수기, 비데, 공기청정기, 식세기",https://search.naver.com/search.naver?query=힐스테이트 가장더퍼스트 입주예정자협의회,신축 입주 예정자 (대전광역시 서구 가장동 38-1번지 일원)
MKT-457,2026신축입주,두산위브더제니스 센트럴시티,2027.06,1098세대,99,미접촉,"얼음정수기, 비데, 공기청정기, 식세기",https://search.naver.com/search.naver?query=두산위브더제니스 센트럴시티 입주예정자협의회,신축 입주 예정자 (대구광역시 북구 학정동 732-1번지 일원)
MKT-458,2026신축입주,이천시 장호원읍 5년 공공건설임대주택(카사펠리스이천) 임차인모집,2027.06,930세대,99,미접촉,"얼음정수기, 비데, 공기청정기, 식세기",https://search.naver.com/search.naver?query=이천시 장호원읍 5년 공공건설임대주택(카사펠리스이천) 임차인모집 입주예정자협의회,신축 입주 예정자 (경기도 이천시 장호원읍 이황리 355-7번지)
MKT-459,2026신축입주,더샵 리오몬트,2027.06,866세대,99,미접촉,"얼음정수기, 비데, 공기청정기, 식세기",https://search.naver.com/search.naver?query=더샵 리오몬트 입주예정자협의회,신축 입주 예정자 (부산광역시 사상구 엄궁동 132번지 일원)
MKT-460,2026신축입주,힐스테이트 더웨이브시티,2027.06,851세대,99,미접촉,"얼음정수기, 비데, 공기청정기, 식세기",https://search.naver.com/search.naver?query=힐스테이트 더웨이브시티 입주예정자협의회,신축 입주 예정자 (경기도 시흥시 정왕동 2716(멀티테크노밸리(MTV) 주상-2))
MKT-461,2026신축입주,대전 성남 우미린 뉴시티,2027.06,776세대,99,미접촉,"얼음정수기, 비데, 공기청정기, 식세기",https://search.naver.com/search.naver?query=대전 성남 우미린 뉴시티 입주예정자협의회,신축 입주 예정자 (대전광역시 동구 성남동 1-97번지 일원)
MKT-462,2026신축입주,여주역자이 헤리티지,2027.06,769세대,99,미접촉,"얼음정수기, 비데, 공기청정기, 식세기",https://search.naver.com/search.naver?query=여주역자이 헤리티지 입주예정자협의회,신축 입주 예정자 (경기도 여주시 교동 500-118번지 일원)
MKT-463,2026신축입주,인천 검단신도시 AB20-2블록 중흥S-클래스 에듀파크(본청약),2027.06,719세대,99,미접촉,"얼음정수기, 비데, 공기청정기, 식세기",https://search.naver.com/search.naver?query=인천 검단신도시 AB20-2블록 중흥S-클래스 에듀파크(본청약) 입주예정자협의회,신축 입주 예정자 (인천광역시 서구 검단지구 공동주택용지 AB20-2BL)
MKT-464,2026신축입주,운암산공원 우미린 리버포레,2027.06,660세대,99,미접촉,"얼음정수기, 비데, 공기청정기, 식세기",https://search.naver.com/search.naver?query=운암산공원 우미린 리버포레 입주예정자협의회,신축 입주 예정자 (광주광역시 북구 동림동 191번지 일원(운암산근린공원))
MKT-465,2026신축입주,송도자이풍경채 그라노블 2단지,2027.06,548세대,99,미접촉,"얼음정수기, 비데, 공기청정기, 식세기",https://search.naver.com/search.naver?query=송도자이풍경채 그라노블 2단지 입주예정자협의회,신축 입주 예정자 (인천광역시 연수구 송도동 552번지)
MKT-466,2026신축입주,부산 장안지구 B-2블록 중흥S-클래스(본청약),2027.06,488세대,90,미접촉,"얼음정수기, 비데, 공기청정기, 식세기",https://search.naver.com/search.naver?query=부산 장안지구 B-2블록 중흥S-클래스(본청약) 입주예정자협의회,신축 입주 예정자 (부산광역시 기장군 장안읍 좌동리 463-3번지 일원(부산 장안지구 B-2블록))
MKT-467,2026신축입주,수원당수 A5블록 신혼희망타운(공공분양)(본청약),2027.06,484세대,90,미접촉,"얼음정수기, 비데, 공기청정기, 식세기",https://search.naver.com/search.naver?query=수원당수 A5블록 신혼희망타운(공공분양)(본청약) 입주예정자협의회,신축 입주 예정자 (경기도 수원시 권선구 당수로 178 (당수동))
MKT-468,2026신축입주,춘천 아테라 에듀파크,2027.06,477세대,90,미접촉,"얼음정수기, 비데, 공기청정기, 식세기",https://search.naver.com/search.naver?query=춘천 아테라 에듀파크 입주예정자협의회,신축 입주 예정자 (강원특별자치도 춘천시 동면 만천리 770-6번지 일원)
MKT-469,2026신축입주,송도자이풍경채 그라노블 1단지,2027.06,469세대,90,미접촉,"얼음정수기, 비데, 공기청정기, 식세기",https://search.naver.com/search.naver?query=송도자이풍경채 그라노블 1단지 입주예정자협의회,신축 입주 예정자 (인천광역시 연수구 송도동 551-1번지)
MKT-470,2026신축입주,동탄2신도시 동탄역 대방 엘리움 더 시그니처(C18BL),2027.06,464세대,90,미접촉,"얼음정수기, 비데, 공기청정기, 식세기",https://search.naver.com/search.naver?query=동탄2신도시 동탄역 대방 엘리움 더 시그니처(C18BL) 입주예정자협의회,신축 입주 예정자 (경기도 화성시 오산동 동탄2택지개발지구 C18BL)
MKT-471,2026신축입주,성남 복정1지구 B3블록 엘리프 남위례역 에듀포레(본청약),2027.06,367세대,90,미접촉,"얼음정수기, 비데, 공기청정기, 식세기",https://search.naver.com/search.naver?query=성남 복정1지구 B3블록 엘리프 남위례역 에듀포레(본청약) 입주예정자협의회,신축 입주 예정자 (경기도 성남시 수정구 복정1지구 B3BL)
MKT-472,2026신축입주,신제주 동문디이스트 시그니처원Ⅱ,2027.06,196세대,90,미접촉,"얼음정수기, 비데, 공기청정기, 식세기",https://search.naver.com/search.naver?query=신제주 동문디이스트 시그니처원Ⅱ 입주예정자협의회,신축 입주 예정자 (제주특별자치도 제주시 연동 274-25번지외 5필지)
MKT-473,2026신축입주,수원당수지구 A5블록 신혼희망타운(공공분양) 추가 입주자모집,2027.06,142세대,90,미접촉,"얼음정수기, 비데, 공기청정기, 식세기",https://search.naver.com/search.naver?query=수원당수지구 A5블록 신혼희망타운(공공분양) 추가 입주자모집 입주예정자협의회,"신축 입주 예정자 (경기도 수원시 권선구 금곡동, 당수동 일원 수원당수 공공주택지구내 A5블록)"
MKT-474,2026신축입주,서울대방 신혼희망타운 공공분양(본청약),2027.06,122세대,90,미접촉,"얼음정수기, 비데, 공기청정기, 식세기",https://search.naver.com/search.naver?query=서울대방 신혼희망타운 공공분양(본청약) 입주예정자협의회,신축 입주 예정자 (서울특별시 영등포구 신길동 1280 일원)
MKT-475,2026신축입주,석남역 센트럴파크 그랑베르,2027.06,101세대,90,미접촉,"얼음정수기, 비데, 공기청정기, 식세기",https://search.naver.com/search.naver?query=석남역 센트럴파크 그랑베르 입주예정자협의회,신축 입주 예정자 (인천광역시 서구 석남동 521-2번지)
MKT-476,2026신축입주,e편한세상 여수 글렌츠,2027.06,81세대,90,미접촉,"얼음정수기, 비데, 공기청정기, 식세기",https://search.naver.com/search.naver?query=e편한세상 여수 글렌츠 입주예정자협의회,신축 입주 예정자 (전라남도 여수시 신기동 3번지 일원)
MKT-477,2026신축입주,하우스토리 센트럴포레,2027.06,40세대,90,미접촉,"얼음정수기, 비데, 공기청정기, 식세기",https://search.naver.com/search.naver?query=하우스토리 센트럴포레 입주예정자협의회,신축 입주 예정자 (서울특별시 노원구 공릉동 270-71번지)
MKT-478,2026신축입주,서울대방 신혼희망타운(공공분양) 잔여세대 입주자모집공고,2027.06,2세대,90,미접촉,"얼음정수기, 비데, 공기청정기, 식세기",https://search.naver.com/search.naver?query=서울대방 신혼희망타운(공공분양) 잔여세대 입주자모집공고 입주예정자협의회,신축 입주 예정자 (서울특별시 영등포구 신길동 1280 일원)
MKT-479,2026신축입주,용인 둔전역 에피트,2027.07,1275세대,99,미접촉,"얼음정수기, 비데, 공기청정기, 식세기",https://search.naver.com/search.naver?query=용인 둔전역 에피트 입주예정자협의회,신축 입주 예정자 (경기도 용인시 처인구 포곡읍 금어리 646번지 일원)
MKT-480,2026신축입주,시흥 롯데캐슬 시그니처 1블록,2027.07,1230세대,99,미접촉,"얼음정수기, 비데, 공기청정기, 식세기",https://search.naver.com/search.naver?query=시흥 롯데캐슬 시그니처 1블록 입주예정자협의회,신축 입주 예정자 (경기도 시흥시 은행동 248-30 일원)
MKT-481,2026신축입주,더샵 속초프라임뷰,2027.07,1024세대,99,미접촉,"얼음정수기, 비데, 공기청정기, 식세기",https://search.naver.com/search.naver?query=더샵 속초프라임뷰 입주예정자협의회,신축 입주 예정자 (강원특별자치도 속초시 금호동 617-21 외 32필지)
MKT-482,2026신축입주,순천그랜드파크자이,2027.07,997세대,99,미접촉,"얼음정수기, 비데, 공기청정기, 식세기",https://search.naver.com/search.naver?query=순천그랜드파크자이 입주예정자협의회,신축 입주 예정자 (전라남도 순천시 풍덕동 327-3번지 일원)
MKT-483,2026신축입주,시흥 롯데캐슬 시그니처 2블록,2027.07,903세대,99,미접촉,"얼음정수기, 비데, 공기청정기, 식세기",https://search.naver.com/search.naver?query=시흥 롯데캐슬 시그니처 2블록 입주예정자협의회,신축 입주 예정자 (경기도 시흥시 은행동 288-1 일원)
MKT-484,2026신축입주,울산 다운2지구 우미 린 어반파크,2027.07,731세대,99,미접촉,"얼음정수기, 비데, 공기청정기, 식세기",https://search.naver.com/search.naver?query=울산 다운2지구 우미 린 어반파크 입주예정자협의회,신축 입주 예정자 (울산광역시 중구 다운동 302-4번지 일원(울산 다운2지구 B-4BL))
MKT-485,2026신축입주,광명자이힐스테이트SKVIEW,2027.07,639세대,99,미접촉,"얼음정수기, 비데, 공기청정기, 식세기",https://search.naver.com/search.naver?query=광명자이힐스테이트SKVIEW 입주예정자협의회,신축 입주 예정자 (경기도 광명시 광명동 78-38)
MKT-486,2026신축입주,더샵 당리센트리체,2027.07,358세대,90,미접촉,"얼음정수기, 비데, 공기청정기, 식세기",https://search.naver.com/search.naver?query=더샵 당리센트리체 입주예정자협의회,신축 입주 예정자 (부산광역시 사하구 당리동 54번지 일원)
MKT-487,2026신축입주,태화강 에피트,2027.07,307세대,90,미접촉,"얼음정수기, 비데, 공기청정기, 식세기",https://search.naver.com/search.naver?query=태화강 에피트 입주예정자협의회,신축 입주 예정자 (울산광역시 울주군 범서읍 굴화리 일원 공공주택지구 내 S1블럭)
MKT-488,2026신축입주,파크레스트 해남,2027.07,294세대,90,미접촉,"얼음정수기, 비데, 공기청정기, 식세기",https://search.naver.com/search.naver?query=파크레스트 해남 입주예정자협의회,신축 입주 예정자 (전라남도 해남군 해남읍 구교리 49번지 일원)
MKT-489,2026신축입주,오티에르 포레,2027.07,88세대,90,미접촉,"얼음정수기, 비데, 공기청정기, 식세기",https://search.naver.com/search.naver?query=오티에르 포레 입주예정자협의회,신축 입주 예정자 (서울특별시 성동구 성수동1가 656-421번지 일대)
MKT-490,2026신축입주,한신더휴 하이엔에듀포레,2027.07,78세대,90,미접촉,"얼음정수기, 비데, 공기청정기, 식세기",https://search.naver.com/search.naver?query=한신더휴 하이엔에듀포레 입주예정자협의회,신축 입주 예정자 (서울특별시 금천구 시흥동 220-2외 5필지)
MKT-491,2026신축입주,오정 해모로 스마트시티(조합원 취소분),2027.07,48세대,90,미접촉,"얼음정수기, 비데, 공기청정기, 식세기",https://search.naver.com/search.naver?query=오정 해모로 스마트시티(조합원 취소분) 입주예정자협의회,신축 입주 예정자 (경기도 부천시 오정구 오정동 613번지 일원)
MKT-492,2026신축입주,오정 해모로 스마트시티,2027.07,47세대,90,미접촉,"얼음정수기, 비데, 공기청정기, 식세기",https://search.naver.com/search.naver?query=오정 해모로 스마트시티 입주예정자협의회,신축 입주 예정자 (경기도 부천시 오정구 오정동 613번지 일원)
MKT-493,2026신축입주,용인 푸르지오 원클러스터 1단지,2027.08,1681세대,99,미접촉,"얼음정수기, 비데, 공기청정기, 식세기",https://search.naver.com/search.naver?query=용인 푸르지오 원클러스터 1단지 입주예정자협의회,신축 입주 예정자 (경기도 용인시 처인구 남동 산126-13일원(A1BL))
MKT-494,2026신축입주,청주테크노폴리스 아테라(A8블록),2027.08,1450세대,99,미접촉,"얼음정수기, 비데, 공기청정기, 식세기",https://search.naver.com/search.naver?query=청주테크노폴리스 아테라(A8블록) 입주예정자협의회,신축 입주 예정자 (충청북도 청주시 흥덕구 송절동 19번지 일원(청주테크노폴리스 아테라 A8블록))
MKT-495,2026신축입주,문화자이SKVIEW,2027.08,1207세대,99,미접촉,"얼음정수기, 비데, 공기청정기, 식세기",https://search.naver.com/search.naver?query=문화자이SKVIEW 입주예정자협의회,신축 입주 예정자 (대전광역시 중구 문화동 435-42번지 일원)
MKT-496,2026신축입주,힐스테이트 천안역 스카이움,2027.08,999세대,99,미접촉,"얼음정수기, 비데, 공기청정기, 식세기",https://search.naver.com/search.naver?query=힐스테이트 천안역 스카이움 입주예정자협의회,신축 입주 예정자 (충청남도 천안시 서북구 서부역7길 7-2(성정동))
MKT-497,2026신축입주,소사역 롯데캐슬 더 뉴엘,2027.08,983세대,99,미접촉,"얼음정수기, 비데, 공기청정기, 식세기",https://search.naver.com/search.naver?query=소사역 롯데캐슬 더 뉴엘 입주예정자협의회,신축 입주 예정자 (경기도 부천시 소사본동 134번지 일원)
MKT-498,2026신축입주,힐스테이트 오산더클래스,2027.08,970세대,99,미접촉,"얼음정수기, 비데, 공기청정기, 식세기",https://search.naver.com/search.naver?query=힐스테이트 오산더클래스 입주예정자협의회,신축 입주 예정자 (경기도 오산시 양산동 10-2번지 일원)
MKT-499,2026신축입주,중앙공원 롯데캐슬 시그니처 1BL,2027.08,929세대,99,미접촉,"얼음정수기, 비데, 공기청정기, 식세기",https://search.naver.com/search.naver?query=중앙공원 롯데캐슬 시그니처 1BL 입주예정자협의회,신축 입주 예정자 (광주광역시 서구 풍암동 560-9번지 일원)
MKT-500,2026신축입주,중앙공원 롯데캐슬 시그니처 2-2BL,2027.08,928세대,99,미접촉,"얼음정수기, 비데, 공기청정기, 식세기",https://search.naver.com/search.naver?query=중앙공원 롯데캐슬 시그니처 2-2BL 입주예정자협의회,신축 입주 예정자 (광주광역시 서구 풍암동 569번지 일원)
MKT-501,2026신축입주,힐스테이트 도안리버파크 1단지,2027.08,891세대,99,미접촉,"얼음정수기, 비데, 공기청정기, 식세기",https://search.naver.com/search.naver?query=힐스테이트 도안리버파크 1단지 입주예정자협의회,신축 입주 예정자 (대전광역시 유성구 학하동 도안2-2지구 SA5BL)
MKT-502,2026신축입주,롯데캐슬 위너스포레,2027.08,834세대,99,미접촉,"얼음정수기, 비데, 공기청정기, 식세기",https://search.naver.com/search.naver?query=롯데캐슬 위너스포레 입주예정자협의회,신축 입주 예정자 (경기도 오산시 양산동 95번지 일원)
MKT-503,2026신축입주,더샵 오창프레스티지,2027.08,644세대,99,미접촉,"얼음정수기, 비데, 공기청정기, 식세기",https://search.naver.com/search.naver?query=더샵 오창프레스티지 입주예정자협의회,신축 입주 예정자 (충청북도 청주시 청원구 오창읍 양청리 814-2)
MKT-504,2026신축입주,파주운정3 지구 A20블록 공공분양주택(본청약),2027.08,612세대,99,미접촉,"얼음정수기, 비데, 공기청정기, 식세기",https://search.naver.com/search.naver?query=파주운정3 지구 A20블록 공공분양주택(본청약) 입주예정자협의회,신축 입주 예정자 (경기도 파주시 목동동 일원 파주운정3 A20블록)
MKT-505,2026신축입주,곤지암역 제일풍경채,2027.08,565세대,99,미접촉,"얼음정수기, 비데, 공기청정기, 식세기",https://search.naver.com/search.naver?query=곤지암역 제일풍경채 입주예정자협의회,신축 입주 예정자 (경기도 광주시 곤지암읍 곤지암리636번지(곤지암역세권  A1-1블록))
MKT-506,2026신축입주,중앙공원 롯데캐슬 시그니처 2-1BL,2027.08,507세대,99,미접촉,"얼음정수기, 비데, 공기청정기, 식세기",https://search.naver.com/search.naver?query=중앙공원 롯데캐슬 시그니처 2-1BL 입주예정자협의회,신축 입주 예정자 (광주광역시 서구 금호동 80번지 일원)
MKT-507,2026신축입주,광주태전 경남아너스빌 리미티드,2027.08,404세대,90,미접촉,"얼음정수기, 비데, 공기청정기, 식세기",https://search.naver.com/search.naver?query=광주태전 경남아너스빌 리미티드 입주예정자협의회,신축 입주 예정자 (경기도 광주시 장지동 695-14)
MKT-508,2026신축입주,힐스테이트 도안리버파크 5단지,2027.08,393세대,90,미접촉,"얼음정수기, 비데, 공기청정기, 식세기",https://search.naver.com/search.naver?query=힐스테이트 도안리버파크 5단지 입주예정자협의회,신축 입주 예정자 (대전광역시 유성구 복용동 도안2-2지구 SA1BL)
MKT-509,2026신축입주,한화포레나 충주호암,2027.08,173세대,90,미접촉,"얼음정수기, 비데, 공기청정기, 식세기",https://search.naver.com/search.naver?query=한화포레나 충주호암 입주예정자협의회,신축 입주 예정자 (충청북도 충주시 호암동 193-2번지 일원)
MKT-510,2026신축입주,한화포레나 충주호암(조합원 취소분),2027.08,148세대,90,미접촉,"얼음정수기, 비데, 공기청정기, 식세기",https://search.naver.com/search.naver?query=한화포레나 충주호암(조합원 취소분) 입주예정자협의회,신축 입주 예정자 (충청북도 충주시 호암동 193-2번지 일원)
MKT-511,2026신축입주,엘리프 역곡,2027.08,44세대,90,미접촉,"얼음정수기, 비데, 공기청정기, 식세기",https://search.naver.com/search.naver?query=엘리프 역곡 입주예정자협의회,신축 입주 예정자 (경기도 부천시 소사구 괴안동 106-1번지 일원)
MKT-512,2026신축입주,힐스테이트 더샵 상생공원 2단지,2027.09,1668세대,99,미접촉,"얼음정수기, 비데, 공기청정기, 식세기",https://search.naver.com/search.naver?query=힐스테이트 더샵 상생공원 2단지 입주예정자협의회,신축 입주 예정자 (경상북도 포항시 남구 대잠동 산81-4번지 일원)
MKT-513,2026신축입주,힐스테이트 도안리버파크 2단지,2027.09,1222세대,99,미접촉,"얼음정수기, 비데, 공기청정기, 식세기",https://search.naver.com/search.naver?query=힐스테이트 도안리버파크 2단지 입주예정자협의회,신축 입주 예정자 (대전광역시 유성구 학하동 도안2-2지구 SA4BL)
MKT-514,2026신축입주,원봉공원 힐데스하임,2027.09,1211세대,99,미접촉,"얼음정수기, 비데, 공기청정기, 식세기",https://search.naver.com/search.naver?query=원봉공원 힐데스하임 입주예정자협의회,신축 입주 예정자 (충청북도 청주시 상당구 용암동 산222 일원)
MKT-515,2026신축입주,힐스테이트 더샵 상생공원 1단지,2027.09,999세대,99,미접촉,"얼음정수기, 비데, 공기청정기, 식세기",https://search.naver.com/search.naver?query=힐스테이트 더샵 상생공원 1단지 입주예정자협의회,신축 입주 예정자 (경상북도 포항시 남구 대잠동 871번지 일원)
MKT-516,2026신축입주,이천 롯데캐슬 센트럴 페라즈 스카이,2027.09,801세대,99,미접촉,"얼음정수기, 비데, 공기청정기, 식세기",https://search.naver.com/search.naver?query=이천 롯데캐슬 센트럴 페라즈 스카이 입주예정자협의회,신축 입주 예정자 (경기도 이천시 안흥동 284-2번지 일원)
MKT-517,2026신축입주,북수원이목지구 대방 디에트르 더 리체Ⅰ,2027.09,768세대,99,미접촉,"얼음정수기, 비데, 공기청정기, 식세기",https://search.naver.com/search.naver?query=북수원이목지구 대방 디에트르 더 리체Ⅰ 입주예정자협의회,신축 입주 예정자 (경기도 수원시 장안구 이목동 종전부동산 이목지구 도시개발사업 A4블록 공동주택용지)
MKT-518,2026신축입주,김해 구산 롯데캐슬 시그니처,2027.09,714세대,99,미접촉,"얼음정수기, 비데, 공기청정기, 식세기",https://search.naver.com/search.naver?query=김해 구산 롯데캐슬 시그니처 입주예정자협의회,신축 입주 예정자 (경상남도 김해시 구산동 593번지 일원)
MKT-519,2026신축입주,도안 푸르지오 디아델 29블록,2027.09,578세대,99,미접촉,"얼음정수기, 비데, 공기청정기, 식세기",https://search.naver.com/search.naver?query=도안 푸르지오 디아델 29블록 입주예정자협의회,신축 입주 예정자 (대전광역시 유성구 용계동 70대 일원)
MKT-520,2026신축입주,문현 푸르지오 트레시엘,2027.09,561세대,99,미접촉,"얼음정수기, 비데, 공기청정기, 식세기",https://search.naver.com/search.naver?query=문현 푸르지오 트레시엘 입주예정자협의회,신축 입주 예정자 (부산광역시 남구 문현동 산23-1 일원(부산 문현2 주거환경개선사업지구 내 1블록))
MKT-521,2026신축입주,도안 푸르지오 디아델 31블록,2027.09,556세대,99,미접촉,"얼음정수기, 비데, 공기청정기, 식세기",https://search.naver.com/search.naver?query=도안 푸르지오 디아델 31블록 입주예정자협의회,신축 입주 예정자 (대전광역시 유성구 용계동 73-48번지 일원)
MKT-522,2026신축입주,대전 르에브 스위첸 2단지,2027.09,551세대,99,미접촉,"얼음정수기, 비데, 공기청정기, 식세기",https://search.naver.com/search.naver?query=대전 르에브 스위첸 2단지 입주예정자협의회,신축 입주 예정자 (대전광역시 중구 대흥동 388-7번지 일원)
MKT-523,2026신축입주,청평 수자인 더퍼스트,2027.09,551세대,99,미접촉,"얼음정수기, 비데, 공기청정기, 식세기",https://search.naver.com/search.naver?query=청평 수자인 더퍼스트 입주예정자협의회,신축 입주 예정자 (경기도 가평군 청평면 청평리 산81-18번지 일원)
MKT-524,2026신축입주,순천 지에이그린웰 하이드원,2027.09,475세대,90,미접촉,"얼음정수기, 비데, 공기청정기, 식세기",https://search.naver.com/search.naver?query=순천 지에이그린웰 하이드원 입주예정자협의회,신축 입주 예정자 (전라남도 순천시 덕암동 45번지 일원)
MKT-525,2026신축입주,자라섬 수자인 리버페스타,2027.09,381세대,90,미접촉,"얼음정수기, 비데, 공기청정기, 식세기",https://search.naver.com/search.naver?query=자라섬 수자인 리버페스타 입주예정자협의회,신축 입주 예정자 (경기도 가평군 가평읍 달전리 284-7번지 일원)
MKT-526,2026신축입주,대전 르에브 스위첸 1단지,2027.09,319세대,90,미접촉,"얼음정수기, 비데, 공기청정기, 식세기",https://search.naver.com/search.naver?query=대전 르에브 스위첸 1단지 입주예정자협의회,신축 입주 예정자 (대전광역시 중구 대흥동 385-15번지 일원)
MKT-527,2026신축입주,서면 어반센트 데시앙,2027.09,211세대,90,미접촉,"얼음정수기, 비데, 공기청정기, 식세기",https://search.naver.com/search.naver?query=서면 어반센트 데시앙 입주예정자협의회,신축 입주 예정자 (부산광역시 부산진구 부암동 690-8번지 일원)
MKT-528,2026신축입주,광안센텀 비스타동원,2027.09,208세대,90,미접촉,"얼음정수기, 비데, 공기청정기, 식세기",https://search.naver.com/search.naver?query=광안센텀 비스타동원 입주예정자협의회,신축 입주 예정자 (부산광역시 수영구 광안동 971번지 외 157필지)
MKT-529,2026신축입주,전주 인후동 마루힐 센트럴,2027.09,199세대,90,미접촉,"얼음정수기, 비데, 공기청정기, 식세기",https://search.naver.com/search.naver?query=전주 인후동 마루힐 센트럴 입주예정자협의회,신축 입주 예정자 (전북특별자치도 전주시 덕진구 인후동2가 1560)
MKT-530,2026신축입주,숭의역 라온프라이빗 스카이브,2027.09,170세대,90,미접촉,"얼음정수기, 비데, 공기청정기, 식세기",https://search.naver.com/search.naver?query=숭의역 라온프라이빗 스카이브 입주예정자협의회,신축 입주 예정자 (인천광역시 중구 신흥동3가 7-79번지 일원)
MKT-531,2026신축입주,더샵 의정부역 링크시티,2027.10,1401세대,99,미접촉,"얼음정수기, 비데, 공기청정기, 식세기",https://search.naver.com/search.naver?query=더샵 의정부역 링크시티 입주예정자협의회,신축 입주 예정자 (경기도 의정부시 의정부동 248-3번지 일원)
MKT-532,2026신축입주,더샵 탕정인피니티시티 3차,2027.10,975세대,99,미접촉,"얼음정수기, 비데, 공기청정기, 식세기",https://search.naver.com/search.naver?query=더샵 탕정인피니티시티 3차 입주예정자협의회,신축 입주 예정자 (충청남도 아산시 아산탕정지구 도시개발구역 A2BL)
MKT-533,2026신축입주,양주 백석 모아엘가 그랑데,2027.10,929세대,99,미접촉,"얼음정수기, 비데, 공기청정기, 식세기",https://search.naver.com/search.naver?query=양주 백석 모아엘가 그랑데 입주예정자협의회,신축 입주 예정자 (경기도 양주시 백석읍 복지리 279-1일원)
MKT-534,2026신축입주,둔산 엘리프 더센트럴,2027.10,864세대,99,미접촉,"얼음정수기, 비데, 공기청정기, 식세기",https://search.naver.com/search.naver?query=둔산 엘리프 더센트럴 입주예정자협의회,신축 입주 예정자 (대전광역시 서구 괴정동 133번지 일원)
MKT-535,2026신축입주,고덕강일 대성베르힐,2027.10,613세대,99,미접촉,"얼음정수기, 비데, 공기청정기, 식세기",https://search.naver.com/search.naver?query=고덕강일 대성베르힐 입주예정자협의회,신축 입주 예정자 (서울특별시 강동구 상일동 43번지 일원(서울고덕강일 공공주택지구 12블럭))
MKT-536,2026신축입주,안동 용상 하늘채 리버스카이,2027.10,548세대,99,미접촉,"얼음정수기, 비데, 공기청정기, 식세기",https://search.naver.com/search.naver?query=안동 용상 하늘채 리버스카이 입주예정자협의회,신축 입주 예정자 (경상북도 안동시 용상동 494번지 일원)
MKT-537,2026신축입주,광명 롯데캐슬 시그니처,2027.10,533세대,99,미접촉,"얼음정수기, 비데, 공기청정기, 식세기",https://search.naver.com/search.naver?query=광명 롯데캐슬 시그니처 입주예정자협의회,신축 입주 예정자 (경기도 광명시 광명5동 275-3번지 일원)
MKT-538,2026신축입주,화성 비봉지구 B1블록 금성백조 예미지2차,2027.10,530세대,99,미접촉,"얼음정수기, 비데, 공기청정기, 식세기",https://search.naver.com/search.naver?query=화성 비봉지구 B1블록 금성백조 예미지2차 입주예정자협의회,신축 입주 예정자 (경기도 화성시 화성비봉 공공택지지구 B-1블록)
MKT-539,2026신축입주,부산에코델타시티 대방 엘리움 리버뷰,2027.10,470세대,90,미접촉,"얼음정수기, 비데, 공기청정기, 식세기",https://search.naver.com/search.naver?query=부산에코델타시티 대방 엘리움 리버뷰 입주예정자협의회,신축 입주 예정자 (부산광역시 강서구 에코델타시티 공동주택용지 31BL)
MKT-540,2026신축입주,리아츠 더 인천,2027.10,342세대,90,미접촉,"얼음정수기, 비데, 공기청정기, 식세기",https://search.naver.com/search.naver?query=리아츠 더 인천 입주예정자협의회,신축 입주 예정자 (인천광역시 동구 송림동 31-3번지 일원)
MKT-541,2026신축입주,프레스티어자이,2027.10,287세대,90,미접촉,"얼음정수기, 비데, 공기청정기, 식세기",https://search.naver.com/search.naver?query=프레스티어자이 입주예정자협의회,신축 입주 예정자 (경기도 과천시 별양동 7번지 일원)
MKT-542,2026신축입주,순천 한양립스 파크포레,2027.10,209세대,90,미접촉,"얼음정수기, 비데, 공기청정기, 식세기",https://search.naver.com/search.naver?query=순천 한양립스 파크포레 입주예정자협의회,신축 입주 예정자 (전라남도 순천시 용당동 288-1 일원)
MKT-543,2026신축입주,서울공릉지구 공공분양주택,2027.10,209세대,90,미접촉,"얼음정수기, 비데, 공기청정기, 식세기",https://search.naver.com/search.naver?query=서울공릉지구 공공분양주택 입주예정자협의회,신축 입주 예정자 (서울특별시 노원구 공릉동 240-1)
MKT-544,2026신축입주,e편한세상 센텀 하이베뉴,2027.10,166세대,90,미접촉,"얼음정수기, 비데, 공기청정기, 식세기",https://search.naver.com/search.naver?query=e편한세상 센텀 하이베뉴 입주예정자협의회,신축 입주 예정자 (부산광역시 해운대구 재송동 1030번지 일원)
MKT-545,2026신축입주,효성해링턴 플레이스 동수원,2027.10,162세대,90,미접촉,"얼음정수기, 비데, 공기청정기, 식세기",https://search.naver.com/search.naver?query=효성해링턴 플레이스 동수원 입주예정자협의회,신축 입주 예정자 (경기도 수원시 팔달구 우만동 436번지)
MKT-546,2026신축입주,아크로 리츠카운티,2027.10,140세대,90,미접촉,"얼음정수기, 비데, 공기청정기, 식세기",https://search.naver.com/search.naver?query=아크로 리츠카운티 입주예정자협의회,신축 입주 예정자 (서울특별시 서초구 방배동 1018-1번지 일원)
MKT-547,2026신축입주,서울공릉 신혼희망타운(공공분양),2027.10,139세대,90,미접촉,"얼음정수기, 비데, 공기청정기, 식세기",https://search.naver.com/search.naver?query=서울공릉 신혼희망타운(공공분양) 입주예정자협의회,신축 입주 예정자 (서울특별시 노원구 공릉동 240-1)
MKT-548,2026신축입주,진월 더리브 라포레,2027.10,111세대,90,미접촉,"얼음정수기, 비데, 공기청정기, 식세기",https://search.naver.com/search.naver?query=진월 더리브 라포레 입주예정자협의회,신축 입주 예정자 (광주광역시 남구 진월동 산3번지 일원)
MKT-549,2026신축입주,화성 동탄2 주상복합용지 C28BL 리젠시빌란트(사전청약),2027.10,108세대,90,미접촉,"얼음정수기, 비데, 공기청정기, 식세기",https://search.naver.com/search.naver?query=화성 동탄2 주상복합용지 C28BL 리젠시빌란트(사전청약) 입주예정자협의회,신축 입주 예정자 (경기도 화성시 화성 동탄2지구 C28BL)
MKT-550,2026신축입주,더샵 분당티에르원,2027.10,102세대,90,미접촉,"얼음정수기, 비데, 공기청정기, 식세기",https://search.naver.com/search.naver?query=더샵 분당티에르원 입주예정자협의회,신축 입주 예정자 (경기도 성남시 분당구 정자동 88번지 일원)
MKT-551,2026신축입주,서울공릉지구 신혼희망타운(공공분양) 추가 입주자 모집공고,2027.10,3세대,90,미접촉,"얼음정수기, 비데, 공기청정기, 식세기",https://search.naver.com/search.naver?query=서울공릉지구 신혼희망타운(공공분양) 추가 입주자 모집공고 입주예정자협의회,신축 입주 예정자 (서울특별시 노원구 공릉동 240-1)
MKT-552,2026신축입주,계양 롯데캐슬 파크시티 1단지,2027.11,1964세대,99,미접촉,"얼음정수기, 비데, 공기청정기, 식세기",https://search.naver.com/search.naver?query=계양 롯데캐슬 파크시티 1단지 입주예정자협의회,신축 입주 예정자 (인천광역시 계양구 효성동 101-21번지 일원)
MKT-553,2026신축입주,원주 푸르지오 더 센트럴,2027.11,1273세대,99,미접촉,"얼음정수기, 비데, 공기청정기, 식세기",https://search.naver.com/search.naver?query=원주 푸르지오 더 센트럴 입주예정자협의회,신축 입주 예정자 (강원특별자치도 원주시 원동 274-40일원)
MKT-554,2026신축입주,계양 롯데캐슬 파크시티 2단지(공 4블럭),2027.11,1089세대,99,미접촉,"얼음정수기, 비데, 공기청정기, 식세기",https://search.naver.com/search.naver?query=계양 롯데캐슬 파크시티 2단지(공 4블럭) 입주예정자협의회,신축 입주 예정자 (인천광역시 계양구 효성동123-30번지 일원)
MKT-555,2026신축입주,번영로 하늘채 라크뷰,2027.11,803세대,99,미접촉,"얼음정수기, 비데, 공기청정기, 식세기",https://search.naver.com/search.naver?query=번영로 하늘채 라크뷰 입주예정자협의회,신축 입주 예정자 (울산광역시 남구 야음동 363-2번지 일원)
MKT-556,2026신축입주,성남금토 A-4블록 신혼희망타운(공공분양)(본청약),2027.11,766세대,99,미접촉,"얼음정수기, 비데, 공기청정기, 식세기",https://search.naver.com/search.naver?query=성남금토 A-4블록 신혼희망타운(공공분양)(본청약) 입주예정자협의회,신축 입주 예정자 (경기도 성남시 수정구 금토동 일원 성남금토 공공주택지구 내 A-4블록)
MKT-557,2026신축입주,문산역3차 동문 디 이스트 센트럴,2027.11,748세대,99,미접촉,"얼음정수기, 비데, 공기청정기, 식세기",https://search.naver.com/search.naver?query=문산역3차 동문 디 이스트 센트럴 입주예정자협의회,신축 입주 예정자 (경기도 파주시 문산읍 문산리 81-61번지 일원)
MKT-558,2026신축입주,의정부 롯데캐슬 나리벡시티,2027.11,671세대,99,미접촉,"얼음정수기, 비데, 공기청정기, 식세기",https://search.naver.com/search.naver?query=의정부 롯데캐슬 나리벡시티 입주예정자협의회,신축 입주 예정자 (경기도 의정부시 금오동 산 26-19번지 일원)
MKT-559,2026신축입주,위파크 제주 2단지,2027.11,643세대,99,미접촉,"얼음정수기, 비데, 공기청정기, 식세기",https://search.naver.com/search.naver?query=위파크 제주 2단지 입주예정자협의회,신축 입주 예정자 (제주특별자치도 제주시 오라이동 923번지 일원)
MKT-560,2026신축입주,e편한세상 대장 퍼스티움(부천대장 A-5BL) 신혼희망타운(공공분양),2027.11,638세대,99,미접촉,"얼음정수기, 비데, 공기청정기, 식세기",https://search.naver.com/search.naver?query=e편한세상 대장 퍼스티움(부천대장 A-5BL) 신혼희망타운(공공분양) 입주예정자협의회,신축 입주 예정자 (경기도 부천시 부천대장 택지개발사업지구 내 A-5블록)
MKT-561,2026신축입주,위파크 제주 1단지,2027.11,617세대,99,미접촉,"얼음정수기, 비데, 공기청정기, 식세기",https://search.naver.com/search.naver?query=위파크 제주 1단지 입주예정자협의회,신축 입주 예정자 (제주특별자치도 제주시 오라이동 854-1번지 일원)
MKT-562,2026신축입주,롯데캐슬 시그니처 중앙,2027.11,511세대,99,미접촉,"얼음정수기, 비데, 공기청정기, 식세기",https://search.naver.com/search.naver?query=롯데캐슬 시그니처 중앙 입주예정자협의회,신축 입주 예정자 (경기도 안산시 단원구 고잔동 674)
MKT-563,2026신축입주,대전 문화공원 수자인,2027.11,509세대,99,미접촉,"얼음정수기, 비데, 공기청정기, 식세기",https://search.naver.com/search.naver?query=대전 문화공원 수자인 입주예정자협의회,신축 입주 예정자 (대전광역시 중구 문화동 47번지 일원)
MKT-564,2026신축입주,e편한세상 대장 퍼스티움(부천대장 A-6BL) 신혼희망타운(공공분양),2027.11,461세대,90,미접촉,"얼음정수기, 비데, 공기청정기, 식세기",https://search.naver.com/search.naver?query=e편한세상 대장 퍼스티움(부천대장 A-6BL) 신혼희망타운(공공분양) 입주예정자협의회,신축 입주 예정자 (경기도 부천시 부천대장 택지개발사업지구 내 A-6블록)
MKT-565,2026신축입주,의왕월암 A-1블록 신혼희망타운(공공분양)(본청약),2027.11,446세대,90,미접촉,"얼음정수기, 비데, 공기청정기, 식세기",https://search.naver.com/search.naver?query=의왕월암 A-1블록 신혼희망타운(공공분양)(본청약) 입주예정자협의회,신축 입주 예정자 (경기도 의왕시 월암동 일원 의왕월암 공공주택지구 내 A-1블록)
MKT-566,2026신축입주,광명 유승한내들 라포레,2027.11,444세대,90,미접촉,"얼음정수기, 비데, 공기청정기, 식세기",https://search.naver.com/search.naver?query=광명 유승한내들 라포레 입주예정자협의회,신축 입주 예정자 (경기도 광명시 소하동 380-1)
MKT-567,2026신축입주,오산 세교2지구 A12블록 공공분양주택 입주자모집,2027.11,433세대,90,미접촉,"얼음정수기, 비데, 공기청정기, 식세기",https://search.naver.com/search.naver?query=오산 세교2지구 A12블록 공공분양주택 입주자모집 입주예정자협의회,신축 입주 예정자 (경기도 오산시 벌음동 382번지 일원(오산세교2 택지개발지구 A12BL))
MKT-568,2026신축입주,대전 롯데캐슬 더퍼스트,2027.11,394세대,90,미접촉,"얼음정수기, 비데, 공기청정기, 식세기",https://search.naver.com/search.naver?query=대전 롯데캐슬 더퍼스트 입주예정자협의회,신축 입주 예정자 (대전광역시 동구 가오동 394번지 일원)
MKT-569,2026신축입주,양주 용암 영무 예다음 더퍼스트,2027.11,285세대,90,미접촉,"얼음정수기, 비데, 공기청정기, 식세기",https://search.naver.com/search.naver?query=양주 용암 영무 예다음 더퍼스트 입주예정자협의회,신축 입주 예정자 (경기도 양주시 은현면 용암리 784-8번지 일원)
MKT-570,2026신축입주,울산태화강변지구 A-2블록 공공분양주택,2027.11,277세대,90,미접촉,"얼음정수기, 비데, 공기청정기, 식세기",https://search.naver.com/search.naver?query=울산태화강변지구 A-2블록 공공분양주택 입주예정자협의회,신축 입주 예정자 (울산광역시 울주군 범서읍 굴화리 일원 공공주택지구내 A-2블록)
MKT-571,2026신축입주,대상 웰라움 순창,2027.11,264세대,90,미접촉,"얼음정수기, 비데, 공기청정기, 식세기",https://search.naver.com/search.naver?query=대상 웰라움 순창 입주예정자협의회,신축 입주 예정자 (전북특별자치도 순창군 순창읍 순화리 951 번지 일원)
MKT-572,2026신축입주,울산 진하 한양립스 그랑블루,2027.11,212세대,90,미접촉,"얼음정수기, 비데, 공기청정기, 식세기",https://search.naver.com/search.naver?query=울산 진하 한양립스 그랑블루 입주예정자협의회,신축 입주 예정자 (울산광역시 울주군 서생면 진하리 75-9번지 일원)
MKT-573,2026신축입주,동래 롯데캐슬 시그니처,2027.11,164세대,90,미접촉,"얼음정수기, 비데, 공기청정기, 식세기",https://search.naver.com/search.naver?query=동래 롯데캐슬 시그니처 입주예정자협의회,신축 입주 예정자 (부산광역시 동래구 수안동 36-2번지 일원)
MKT-574,2026신축입주,한양립스 에듀포레,2027.11,118세대,90,미접촉,"얼음정수기, 비데, 공기청정기, 식세기",https://search.naver.com/search.naver?query=한양립스 에듀포레 입주예정자협의회,신축 입주 예정자 (광주광역시 광산구 하산동 269번지 일원)
MKT-575,2026신축입주,의왕월암 A-1블록 신혼희망타운(공공분양) 추가입주자 모집,2027.11,111세대,90,미접촉,"얼음정수기, 비데, 공기청정기, 식세기",https://search.naver.com/search.naver?query=의왕월암 A-1블록 신혼희망타운(공공분양) 추가입주자 모집 입주예정자협의회,신축 입주 예정자 (경기도 의왕시 월암동 일원 의왕월암 공공주택지구 내 A-1블록)
MKT-576,2026신축입주,대전 롯데캐슬 더퍼스트(조합원 취소분),2027.11,89세대,90,미접촉,"얼음정수기, 비데, 공기청정기, 식세기",https://search.naver.com/search.naver?query=대전 롯데캐슬 더퍼스트(조합원 취소분) 입주예정자협의회,신축 입주 예정자 (대전광역시 동구 가오동 394번지 일원)
MKT-577,2026신축입주,구리 한양립스,2027.11,68세대,90,미접촉,"얼음정수기, 비데, 공기청정기, 식세기",https://search.naver.com/search.naver?query=구리 한양립스 입주예정자협의회,신축 입주 예정자 (경기도 구리시 수택동 266-2 일원)
MKT-578,2026신축입주,동래 롯데캐슬 시그니처(조합원 취소분),2027.11,8세대,90,미접촉,"얼음정수기, 비데, 공기청정기, 식세기",https://search.naver.com/search.naver?query=동래 롯데캐슬 시그니처(조합원 취소분) 입주예정자협의회,신축 입주 예정자 (부산광역시 동래구 수안동 36-2번지 일원)
MKT-579,2026신축입주,광주 송암공원 중흥S-클래스 SK VIEW,2027.12,1575세대,99,미접촉,"얼음정수기, 비데, 공기청정기, 식세기",https://search.naver.com/search.naver?query=광주 송암공원 중흥S-클래스 SK VIEW 입주예정자협의회,신축 입주 예정자 (광주광역시 남구 송하동 177-5번지 일원)
MKT-580,2026신축입주,해링턴 스퀘어 신흥역,2027.12,1319세대,99,미접촉,"얼음정수기, 비데, 공기청정기, 식세기",https://search.naver.com/search.naver?query=해링턴 스퀘어 신흥역 입주예정자협의회,신축 입주 예정자 (경기도 성남시 중원구 중앙동 912번지 일원)
MKT-581,2026신축입주,산성역 헤리스톤,2027.12,1224세대,99,미접촉,"얼음정수기, 비데, 공기청정기, 식세기",https://search.naver.com/search.naver?query=산성역 헤리스톤 입주예정자협의회,신축 입주 예정자 (경기도 성남시 수정구 산성동 1336번지 일대)
MKT-582,2026신축입주,힐스테이트 도안리버파크 3단지,2027.12,1223세대,99,미접촉,"얼음정수기, 비데, 공기청정기, 식세기",https://search.naver.com/search.naver?query=힐스테이트 도안리버파크 3단지 입주예정자협의회,신축 입주 예정자 (대전광역시 유성구 학하동 도안2-2지구 SA2BL)
MKT-583,2026신축입주,래미안 센트리폴(3BL),2027.12,1024세대,99,미접촉,"얼음정수기, 비데, 공기청정기, 식세기",https://search.naver.com/search.naver?query=래미안 센트리폴(3BL) 입주예정자협의회,신축 입주 예정자 (인천광역시 연수구 옥련동 송도역세권 도시개발구역 A3블록)
MKT-584,2026신축입주,검단신도시 푸르지오 더 파크,2027.12,919세대,99,미접촉,"얼음정수기, 비데, 공기청정기, 식세기",https://search.naver.com/search.naver?query=검단신도시 푸르지오 더 파크 입주예정자협의회,신축 입주 예정자 (인천광역시 서구 검단신도시 AA28BL(마전동))
MKT-585,2026신축입주,천안 아이파크 시티,2027.12,892세대,99,미접촉,"얼음정수기, 비데, 공기청정기, 식세기",https://search.naver.com/search.naver?query=천안 아이파크 시티 입주예정자협의회,신축 입주 예정자 (충청남도 천안시 서북구 성성동 34-4번지 일원)
MKT-586,2026신축입주,평택 브레인시티 수자인,2027.12,889세대,99,미접촉,"얼음정수기, 비데, 공기청정기, 식세기",https://search.naver.com/search.naver?query=평택 브레인시티 수자인 입주예정자협의회,신축 입주 예정자 (경기도 평택시 평택브레인시티 일반산업단지 공동 8BL)
MKT-587,2026신축입주,김포 북변 우미 린 파크리브,2027.12,831세대,99,미접촉,"얼음정수기, 비데, 공기청정기, 식세기",https://search.naver.com/search.naver?query=김포 북변 우미 린 파크리브 입주예정자협의회,신축 입주 예정자 (경기도 김포시 북변동 329-2번지 일원)
MKT-588,2026신축입주,아산탕정자이 퍼스트시티,2027.12,797세대,99,미접촉,"얼음정수기, 비데, 공기청정기, 식세기",https://search.naver.com/search.naver?query=아산탕정자이 퍼스트시티 입주예정자협의회,신축 입주 예정자 (충청남도 아산시 탕정면 동산리 142-12번지 일원)
MKT-589,2026신축입주,덕계역 한신더휴 포레스트,2027.12,724세대,99,미접촉,"얼음정수기, 비데, 공기청정기, 식세기",https://search.naver.com/search.naver?query=덕계역 한신더휴 포레스트 입주예정자협의회,신축 입주 예정자 (경기도 양주시 덕계동 707-1번지 일원)
MKT-590,2026신축입주,의왕 월암지구 대방 디에트르 레이크파크,2027.12,702세대,99,미접촉,"얼음정수기, 비데, 공기청정기, 식세기",https://search.naver.com/search.naver?query=의왕 월암지구 대방 디에트르 레이크파크 입주예정자협의회,신축 입주 예정자 (경기도 의왕시 월암동 공공주택지구 B2블록(경기도 의왕시 월암동 219-3일원))
MKT-591,2026신축입주,힐스테이트 용인마크밸리,2027.12,660세대,99,미접촉,"얼음정수기, 비데, 공기청정기, 식세기",https://search.naver.com/search.naver?query=힐스테이트 용인마크밸리 입주예정자협의회,신축 입주 예정자 (경기도 용인시 처인구 남사읍 아곡리 705번지)
MKT-592,2026신축입주,의정부 푸르지오 클라시엘,2027.12,656세대,99,미접촉,"얼음정수기, 비데, 공기청정기, 식세기",https://search.naver.com/search.naver?query=의정부 푸르지오 클라시엘 입주예정자협의회,신축 입주 예정자 (경기도 의정부시 금오동 369-1일원)
MKT-593,2026신축입주,평촌자이 퍼스니티,2027.12,570세대,99,미접촉,"얼음정수기, 비데, 공기청정기, 식세기",https://search.naver.com/search.naver?query=평촌자이 퍼스니티 입주예정자협의회,신축 입주 예정자 (경기도 안양시 동안구 비산3동 354-10번지)
MKT-594,2026신축입주,군포대야미 대방 디에트르 시그니처(B3BL),2027.12,568세대,99,미접촉,"얼음정수기, 비데, 공기청정기, 식세기",https://search.naver.com/search.naver?query=군포대야미 대방 디에트르 시그니처(B3BL) 입주예정자협의회,신축 입주 예정자 (경기도 군포시 군포대야미 공공주택지구 B3블럭(경기도 군포시 둔대동 57번지 일원))
MKT-595,2026신축입주,엘리프 한신더휴 수원 C3블록(본청약),2027.12,440세대,90,미접촉,"얼음정수기, 비데, 공기청정기, 식세기",https://search.naver.com/search.naver?query=엘리프 한신더휴 수원 C3블록(본청약) 입주예정자협의회,신축 입주 예정자 (경기도 수원시 권선구 당수1지구 공공주택지구 내 C3블록)
MKT-596,2026신축입주,고양창릉지구 S-6블록 공공분양주택(본청약),2027.12,430세대,90,미접촉,"얼음정수기, 비데, 공기청정기, 식세기",https://search.naver.com/search.naver?query=고양창릉지구 S-6블록 공공분양주택(본청약) 입주예정자협의회,"신축 입주 예정자 (경기도 고양시 덕양구 원흥동, 동산동, 용두동 외 6개동 일원)"
MKT-597,2026신축입주,부산 장안지구 우미 린 프리미어,2027.12,419세대,90,미접촉,"얼음정수기, 비데, 공기청정기, 식세기",https://search.naver.com/search.naver?query=부산 장안지구 우미 린 프리미어 입주예정자협의회,신축 입주 예정자 (부산광역시 기장군 장안읍 좌동리 부산 장안지구 B-1BL)
MKT-598,2026신축입주,천안 두정역 양우내안애 퍼스트로,2027.12,416세대,90,미접촉,"얼음정수기, 비데, 공기청정기, 식세기",https://search.naver.com/search.naver?query=천안 두정역 양우내안애 퍼스트로 입주예정자협의회,신축 입주 예정자 (충청남도 천안시 서북구 두정동 393-11번지 일원)
MKT-599,2026신축입주,평택화양 서희스타힐스 센트럴파크 2차,2027.12,390세대,90,미접촉,"얼음정수기, 비데, 공기청정기, 식세기",https://search.naver.com/search.naver?query=평택화양 서희스타힐스 센트럴파크 2차 입주예정자협의회,신축 입주 예정자 (경기도 평택시 현덕면 화양리 평택화양지구 도시개발사업 A3블록 1로트)
MKT-600,2026신축입주,사하 경남아너스빌 시그니처,2027.12,380세대,90,미접촉,"얼음정수기, 비데, 공기청정기, 식세기",https://search.naver.com/search.naver?query=사하 경남아너스빌 시그니처 입주예정자협의회,신축 입주 예정자 (부산광역시 사하구 감천동 582-1)
MKT-601,2026신축입주,천안 아이파크 시티 1단지(2회차),2027.12,234세대,90,미접촉,"얼음정수기, 비데, 공기청정기, 식세기",https://search.naver.com/search.naver?query=천안 아이파크 시티 1단지(2회차) 입주예정자협의회,신축 입주 예정자 (충청남도 천안시 서북구 성성동 34-4번지 일원)
MKT-602,2026신축입주,더샵 분당하이스트,2027.12,143세대,90,미접촉,"얼음정수기, 비데, 공기청정기, 식세기",https://search.naver.com/search.naver?query=더샵 분당하이스트 입주예정자협의회,신축 입주 예정자 (경기도 성남시 분당구 정자동 90번지)
MKT-603,2026신축입주,성산 더리브 포레스트,2027.12,143세대,90,미접촉,"얼음정수기, 비데, 공기청정기, 식세기",https://search.naver.com/search.naver?query=성산 더리브 포레스트 입주예정자협의회,신축 입주 예정자 (경상남도 창원시 성산구 신촌동 34-1번지 일원)
MKT-604,2026신축입주,올림픽파크 서한포레스트,2027.12,109세대,90,미접촉,"얼음정수기, 비데, 공기청정기, 식세기",https://search.naver.com/search.naver?query=올림픽파크 서한포레스트 입주예정자협의회,신축 입주 예정자 (서울특별시 강동구 둔촌동 489번지)
MKT-605,2026신축입주,봉선동 르오네뜨 2차,2027.12,56세대,90,미접촉,"얼음정수기, 비데, 공기청정기, 식세기",https://search.naver.com/search.naver?query=봉선동 르오네뜨 2차 입주예정자협의회,신축 입주 예정자 (광주광역시 남구 봉선동 161번지 일원)
